Site_ID,Site_Name,Pulse_Name,Outcome,ARI_Status,ARI_Class,ARI_Class_Threshold,ARI_Female_Denominator_Confidence,Breeding_Type,Complex_Types,Hatch_Date,Substrate,Colony_Size,Deployment_Start,Deployment_End,ARI_Window_Female_Start,ARI_Window_Female_End,Incubation_Days,ARI_Total_Female_Recordings,Female_Detection_Recordings,Female_Detection_Rate,ARI_Window_Nestling_Start,ARI_Window_Nestling_End,Nestling_Days,ARI_Total_Nestling_Recordings,Nestling_Detection_Recordings,Nestling_Detection_Rate,ARI,Fledgling_Window_Start,Fledgling_Window_End,Fledgling_Days,Fledgling_Total_Recordings,Fledgling_Detection_Recordings,Fledgling_Detection_Rate,Fledglings_Present,Latest_Fledgling_Rec,Comment,ARI_Review_Because,ARI_Diagnostic,ARI_Recording_Start,ARI_Recording_Stop,ARI_Raw_Female_Detection_Rows,ARI_Window_Female_Detection_Rows,ARI_Raw_Nestling_Detection_Rows,ARI_Window_Nestling_Detection_Rows,ARI_Female_Detection_Dates_In_Window,ARI_Nestling_Detection_Dates_In_Window,ARI_Earliest_Raw_Female_Date,ARI_Latest_Raw_Female_Date,ARI_Earliest_Window_Female_Date,ARI_Latest_Window_Female_Date,ARI_Earliest_Raw_Nestling_Date,ARI_Latest_Raw_Nestling_Date,ARI_Earliest_Window_Nestling_Date,ARI_Latest_Window_Nestling_Date,Fledgling_Raw_Detection_Rows,Fledgling_Window_Detection_Rows,Fledgling_Detection_Dates_In_Window,Group,mcstart,incstart,fledgestart,fledgedisp,Source Row,Review Status,Review Notes
2059,2017 Rush Ranch,2017 Rush Ranch P1,Abandoned,OK,No detected offspring acoustic evidence,0.5,Moderate female denominator,Sequential,,~2017-04-29,"Bulrush, cattails",800,2017-03-02,2017-07-24,2017-04-20,2017-04-26,7,273,7,0.026,2017-05-04,2017-05-10,7,273,0,0.0,0.0,2017-05-08,2017-05-15,8,312,0,0.0,No,ND,,,ARI=0.0 from nestling_rate=0.0 / female_rate=0.026,2017-03-02,2017-07-24,577,7,280,0,"2017-04-21, 2017-04-22",,2017-04-04,2017-07-01,2017-04-21,2017-04-22,2017-05-31,2017-07-06,ND,ND,183,0,,Solano County,~2017-03-07,~2017-04-17,ND,ND,4,OK,
2059,2017 Rush Ranch,2017 Rush Ranch P2,Successful,OK,High offspring acoustic activity,0.5,Stable female denominator,Sequential,,2017-05-30,"Bulrush, cattails",800,2017-03-02,2017-07-24,2017-05-21,2017-05-27,7,273,150,0.549,2017-06-04,2017-06-10,7,234,129,0.551,1.004,2017-06-08,2017-06-15,8,312,33,0.106,Yes,2017-06-15,,,ARI=1.004 from nestling_rate=0.551 / female_rate=0.549,2017-03-02,2017-07-24,577,150,280,129,"2017-05-22, 2017-05-23, 2017-05-24, 2017-05-25, 2017-05-26, 2017-05-27","2017-06-05, 2017-06-06, 2017-06-07, 2017-06-08, 2017-06-09, 2017-06-10",2017-04-04,2017-07-01,2017-05-22,2017-05-27,2017-05-31,2017-07-06,2017-06-05,2017-06-10,183,33,"2017-06-10, 2017-06-12, 2017-06-13, 2017-06-14, 2017-06-15",Solano County,2017-05-08,2017-05-18,2017-06-12,2017-06-22,4,OK,
2059,2017 Rush Ranch,2017 Rush Ranch P3,Successful,OK,Reduced offspring acoustic activity,0.5,Stable female denominator,Sequential,,2017-06-29,"Bulrush, cattails",800,2017-03-02,2017-07-24,2017-06-20,2017-06-26,7,273,90,0.33,2017-07-04,2017-07-10,7,138,15,0.109,0.33,2017-07-08,2017-07-15,8,234,2,0.009,Yes,2017-07-13,,,ARI=0.33 from nestling_rate=0.109 / female_rate=0.33,2017-03-02,2017-07-24,577,90,280,15,"2017-06-20, 2017-06-21, 2017-06-22, 2017-06-23, 2017-06-24, 2017-06-25, 2017-06-26","2017-07-04, 2017-07-05, 2017-07-06",2017-04-04,2017-07-01,2017-06-20,2017-06-26,2017-05-31,2017-07-06,2017-07-04,2017-07-06,183,2,"2017-07-12, 2017-07-13",Solano County,2017-06-02,2017-06-17,ND,ND,4,OK,
3150,2018 Iron Point,2018 Iron Point,No Colony,NHD,Not ARI-scorable,0.5,Not evaluated,No Colony,,NHD,Himalayan blackberry,2000,2018-04-22,2018-05-19,ND,ND,0,0,0,0.0,ND,ND,0,0,0,0.0,,ND,ND,0,0,0,0.0,No,NHD,Outcome is No Colony; ARI metrics not applicable,,,ND,ND,0,0,0,0,,,ND,ND,ND,ND,ND,ND,ND,ND,0,0,,Iron Point,ND,ND,ND,ND,5,OK,
3348,2018 Markham Ravine Main,2018 Markham Ravine Main P1,Successful,NHD,Not ARI-scorable,0.5,Not evaluated,Unknown,,NHD,Himalayan blackberry,1000,2018-06-26,2018-07-23,ND,ND,0,0,0,0.0,ND,ND,0,0,0,0.0,,ND,ND,0,0,0,0.0,No,NHD,Breeding Type does not have ARI score calculated: Unknown; No valid hatch date,,,ND,ND,0,0,0,0,,,ND,ND,ND,ND,ND,ND,ND,ND,0,0,,Markham Ravine,ND,ND,ND,ND,6,REVIEW,"p1Outcome is 'Successful', but all exported date fields are blank or ND."
3366,2018 Markham Ravine westside,2018 Markham Ravine westside P1,Successful,NHD,Not ARI-scorable,0.5,Not evaluated,Unknown,,NHD,Himalayan blackberry,1000,2018-06-26,2018-07-13,ND,ND,0,0,0,0.0,ND,ND,0,0,0,0.0,,ND,ND,0,0,0,0.0,No,NHD,Breeding Type does not have ARI score calculated: Unknown; No valid hatch date,,,ND,ND,0,0,0,0,,,ND,ND,ND,ND,ND,ND,ND,ND,0,0,,Markham Ravine,inf,ND,ND,ND,7,OK,
3281,2018 Red Wing Ranch,2018 Red Wing Ranch P1,Abandoned,ND_INVALID_BREEDING_TYPE,Not ARI-scorable,0.5,Stable female denominator,Unknown,,2018-05-17,"Himalayan blackberry, Bulrush, cattails",3000,2018-05-04,2018-06-04,2018-05-08,2018-05-14,7,273,122,0.447,2018-05-22,2018-05-28,7,273,0,0.0,,2018-05-26,2018-06-02,8,311,0,0.0,No,ND,Breeding Type does not have ARI score calculated: Unknown,,"Invalid breeding type; call dates/counts/rates calculated, but numeric ARI not calculated",2018-05-04,2018-06-04,313,122,0,0,"2018-05-08, 2018-05-09, 2018-05-12, 2018-05-13, 2018-05-14",,2018-05-04,2018-05-18,2018-05-08,2018-05-14,ND,ND,ND,ND,0,0,,Placer County,inf,2018-05-05,ND,ND,8,OK,
2719,2018 Rush Ranch,2018 Rush Ranch P1,Successful,OK,High offspring acoustic activity,0.5,Stable female denominator,Simple,,2018-05-26,"Bulrush, cattails",2000,2018-02-09,2018-06-26,2018-05-17,2018-05-23,7,546,39,0.071,2018-05-31,2018-06-06,7,272,18,0.066,0.93,2018-06-04,2018-06-11,8,311,4,0.013,Yes,2018-06-11,,,ARI=0.93 from nestling_rate=0.066 / female_rate=0.071,2018-02-09,2018-06-26,73,39,129,18,"2018-05-17, 2018-05-18, 2018-05-20","2018-05-31, 2018-06-01, 2018-06-02, 2018-06-03",2018-03-24,2018-06-02,2018-05-17,2018-05-20,2018-05-25,2018-06-22,2018-05-31,2018-06-03,115,4,2018-06-11,Solano County,missed,2018-05-14,2018-06-11,2018-06-23,9,OK,
82621,2018 SJWA WSS,2018 SJWA WSS P1,Abandoned,ND_INVALID_BREEDING_TYPE,Not ARI-scorable,0.5,Stable female denominator,Unknown,,~2018-04-27,"Bulrush, cattails",30000,2018-04-02,2018-05-01,2018-04-18,2018-04-24,7,273,55,0.201,2018-05-02,2018-05-01,0,0,0,0.0,,2018-05-06,2018-05-01,0,0,0,0.0,No,ND,Breeding Type does not have ARI score calculated: Unknown; Nestling days less than 4,,"Invalid breeding type; call dates/counts/rates calculated, but numeric ARI not calculated",2018-04-02,2018-05-01,91,55,0,0,"2018-04-18, 2018-04-19, 2018-04-20, 2018-04-21",,2018-04-11,2018-04-21,2018-04-18,2018-04-21,ND,ND,ND,ND,0,0,,San Jacinto Wildlife Area,2018-04-10,~2018-04-15,ND,ND,10,OK,
3417,2018 SJWA-rose-1,2018 SJWA-rose-1,No Colony,NHD,Not ARI-scorable,0.5,Not evaluated,No Colony,,NHD,"Bulrush, cattails",30000,2018-04-02,2018-04-10,ND,ND,0,0,0,0.0,ND,ND,0,0,0,0.0,,ND,ND,0,0,0,0.0,No,NHD,Outcome is No Colony; ARI metrics not applicable,,,ND,ND,0,0,0,0,,,ND,ND,ND,ND,ND,ND,ND,ND,0,0,,San Jacinto Wildlife Area,ND,ND,ND,ND,11,OK,
3682,2018 SJWA-rose-2,2018 SJWA-rose-2 P1,Abandoned,NHD,Not ARI-scorable,0.5,Not evaluated,Unknown,,NHD,"Bulrush, cattails",30000,2018-04-10,2018-04-27,ND,ND,0,0,0,0.0,ND,ND,0,0,0,0.0,,ND,ND,0,0,0,0.0,No,NHD,Breeding Type does not have ARI score calculated: Unknown; No valid hatch date,,,ND,ND,0,0,0,0,,,ND,ND,ND,ND,ND,ND,ND,ND,0,0,,San Jacinto Wildlife Area,inf,2018-04-19,ND,ND,12,OK,
5642,2019 Colusa NWR 27-1,2019 Colusa NWR 27-1 P1,Successful,NHD,Not ARI-scorable,0.5,Not evaluated,Simple,,~6/14/2019(C),"Bulrush, cattails",20000,2019-05-27,2019-08-12,ND,ND,0,0,0,0.0,ND,ND,0,0,0,0.0,,ND,ND,0,0,0,0.0,No,NHD,No valid hatch date,,,ND,ND,0,0,0,0,,,ND,ND,ND,ND,ND,ND,ND,ND,0,0,,Sacramento National Wildlife Refuge Complex,inf,~6/2/2019(C),2019-06-27,~2019-07-07,13,OK,
5642,2019 Colusa NWR 27-1,2019 Colusa NWR 27-1 P2,REVIEW_MISSING_OUTCOME,NHD,Not ARI-scorable,0.5,Not evaluated,Simple,,~7/3/2019(C),"Bulrush, cattails",20000,2019-05-27,2019-08-12,ND,ND,0,0,0,0.0,ND,ND,0,0,0,0.0,,ND,ND,0,0,0,0.0,No,NHD,No valid hatch date,,,ND,ND,0,0,0,0,,,ND,ND,ND,ND,ND,ND,ND,ND,0,0,,Sacramento National Wildlife Refuge Complex,ND,~6/21/2019(C),~2019-07-16,~2019-07-21,13,REVIEW,p2 has exported pulse date fields but p2Outcome is blank or n/a.
5643,2019 Colusa NWR 27-2,2019 Colusa NWR 27-2 P1,Partially Abandoned,OK,Reduced offspring acoustic activity,0.5,Stable female denominator,Simple,,2019-05-29,"Bulrush, cattails",200,2019-05-21,2019-06-18,2019-05-21,2019-05-26,6,206,25,0.121,2019-06-03,2019-06-09,7,248,2,0.008,0.066,2019-06-07,2019-06-14,8,291,1,0.003,Yes,2019-06-14,,,ARI=0.066 from nestling_rate=0.008 / female_rate=0.121,2019-05-21,2019-06-18,27,25,5,2,"2019-05-21, 2019-05-22, 2019-05-23, 2019-05-24, 2019-05-25, 2019-05-26",2019-06-03,2019-05-21,2019-05-28,2019-05-21,2019-05-26,2019-05-29,2019-06-03,2019-06-03,2019-06-03,1,1,2019-06-14,Sacramento National Wildlife Refuge Complex,inf,~2019-05-16,ND,ND,14,OK,
4455,2019 Creed Road,2019 Creed Road P1,Successful,OK,High offspring acoustic activity,0.5,Stable female denominator,Sequential,,2019-05-10,Himalayan blackberry,1000,2019-03-17,2019-07-07,2019-05-01,2019-05-07,7,287,57,0.199,2019-05-15,2019-05-21,7,287,38,0.132,0.663,2019-05-19,2019-05-26,8,328,69,0.21,Yes,2019-05-26,,,ARI=0.663 from nestling_rate=0.132 / female_rate=0.199,2019-03-17,2019-07-07,287,57,60,38,"2019-05-01, 2019-05-02, 2019-05-03, 2019-05-04, 2019-05-06, 2019-05-07","2019-05-17, 2019-05-18, 2019-05-19, 2019-05-20, 2019-05-21",2019-04-16,2019-05-29,2019-05-01,2019-05-07,2019-05-10,2019-05-27,2019-05-17,2019-05-21,129,69,"2019-05-23, 2019-05-24, 2019-05-25, 2019-05-26",Solano County,2019-03-23,2019-04-28,2019-05-23,2019-06-01,15,OK,
4455,2019 Creed Road,2019 Creed Road P2,Abandoned,NHD,Not ARI-scorable,0.5,Not evaluated,Sequential,,6/4/2019(E),Himalayan blackberry,1000,2019-03-17,2019-07-07,ND,ND,0,0,0,0.0,ND,ND,0,0,0,0.0,,ND,ND,0,0,0,0.0,No,NHD,No valid hatch date,,,ND,ND,0,0,0,0,,,ND,ND,ND,ND,ND,ND,ND,ND,0,0,,Solano County,2019-05-13,2019-05-23,ND,ND,15,OK,
4456,2019 Hay Landfill,2019 Hay Landfill P1,Successful,OK,High offspring acoustic activity,0.5,Stable female denominator,Sequential,,2019-04-28,"Bulrush, cattails",4000,2019-04-08,2019-07-07,2019-04-19,2019-04-25,7,287,84,0.293,2019-05-03,2019-05-09,7,287,53,0.185,0.631,2019-05-07,2019-05-14,8,328,11,0.034,Yes,2019-05-14,,,ARI=0.631 from nestling_rate=0.185 / female_rate=0.293,2019-04-08,2019-07-07,227,84,113,53,"2019-04-19, 2019-04-20, 2019-04-21, 2019-04-22, 2019-04-23, 2019-04-24, 2019-04-25","2019-05-03, 2019-05-04, 2019-05-05, 2019-05-06, 2019-05-07, 2019-05-08, 2019-05-09",2019-04-12,2019-06-12,2019-04-19,2019-04-25,2019-05-01,2019-06-29,2019-05-03,2019-05-09,300,11,"2019-05-08, 2019-05-11, 2019-05-12, 2019-05-13, 2019-05-14",Solano County,inf,2019-04-15,2019-05-11,2019-05-30,16,OK,
4456,2019 Hay Landfill,2019 Hay Landfill P2,Partially Abandoned,OK,Reduced offspring acoustic activity,0.5,Stable female denominator,Sequential,,2019-06-09,"Bulrush, cattails",4000,2019-04-08,2019-07-07,2019-05-31,2019-06-06,7,287,44,0.153,2019-06-14,2019-06-20,7,287,1,0.003,0.02,2019-06-18,2019-06-25,8,328,9,0.027,Yes,2019-06-25,,,ARI=0.02 from nestling_rate=0.003 / female_rate=0.153,2019-04-08,2019-07-07,227,44,113,1,"2019-05-31, 2019-06-01, 2019-06-02, 2019-06-03, 2019-06-04, 2019-06-05, 2019-06-06",2019-06-18,2019-04-12,2019-06-12,2019-05-31,2019-06-06,2019-05-01,2019-06-29,2019-06-18,2019-06-18,300,9,"2019-06-22, 2019-06-23, 2019-06-24, 2019-06-25",Solano County,2019-05-20,2019-05-28,2019-06-23,2019-07-03,16,OK,
4979,2019 Iron Point,2019 Iron Point P1,Successful,ND_INVALID_BREEDING_TYPE,Not ARI-scorable,0.5,Stable female denominator,Complex,"Asynchronous, Sequential",~2019-04-30,Himalayan blackberry,1500,2019-04-24,2019-08-01,2019-04-24,2019-04-27,4,127,94,0.74,2019-05-05,2019-05-11,7,272,25,0.092,,2019-05-09,2019-05-16,8,311,66,0.212,Yes,2019-05-16,Breeding Type does not have ARI score calculated: Complex,,"Invalid breeding type; call dates/counts/rates calculated, but numeric ARI not calculated",2019-04-24,2019-08-01,232,94,635,25,"2019-04-24, 2019-04-25, 2019-04-26, 2019-04-27","2019-05-05, 2019-05-06, 2019-05-07, 2019-05-08, 2019-05-09, 2019-05-10, 2019-05-11",2019-04-24,2019-06-09,2019-04-24,2019-04-27,2019-05-02,2019-07-05,2019-05-05,2019-05-11,1399,66,"2019-05-14, 2019-05-15, 2019-05-16",Iron Point,inf,~2019-04-18,2019-05-14,Continuous,17,OK,
4979,2019 Iron Point,2019 Iron Point P2,Successful,ND_INVALID_BREEDING_TYPE,Not ARI-scorable,0.5,Low female denominator,Complex,"Asynchronous, Sequential",2019-05-28,Himalayan blackberry,1500,2019-04-24,2019-08-01,2019-05-19,2019-05-25,7,272,1,0.004,2019-06-02,2019-06-08,7,272,156,0.574,,2019-06-06,2019-06-13,8,311,180,0.579,Yes,2019-06-13,Breeding Type does not have ARI score calculated: Complex,Female denominator is absent or low,"Invalid breeding type; call dates/counts/rates calculated, but numeric ARI not calculated",2019-04-24,2019-08-01,232,1,635,156,2019-05-19,"2019-06-02, 2019-06-03, 2019-06-04, 2019-06-05, 2019-06-06, 2019-06-07, 2019-06-08",2019-04-24,2019-06-09,2019-05-19,2019-05-19,2019-05-02,2019-07-05,2019-06-02,2019-06-08,1399,180,"2019-06-06, 2019-06-07, 2019-06-08, 2019-06-09, 2019-06-10, 2019-06-11, 2019-06-12, 2019-06-13",Iron Point,2019-04-29,2019-05-16,Continuous,Continuous,17,OK,
4979,2019 Iron Point,2019 Iron Point P3,Successful,ND_INVALID_BREEDING_TYPE,Not ARI-scorable,0.5,Stable female denominator,Complex,"Asynchronous, Sequential",2019-06-10,Himalayan blackberry,1500,2019-04-24,2019-08-01,2019-06-01,2019-06-07,7,272,60,0.221,2019-06-15,2019-06-21,7,273,109,0.399,,2019-06-19,2019-06-26,8,312,194,0.622,Yes,2019-06-26,Breeding Type does not have ARI score calculated: Complex,,"Invalid breeding type; call dates/counts/rates calculated, but numeric ARI not calculated",2019-04-24,2019-08-01,232,60,635,109,"2019-06-01, 2019-06-02, 2019-06-03, 2019-06-04, 2019-06-05, 2019-06-06, 2019-06-07","2019-06-15, 2019-06-16, 2019-06-17, 2019-06-18, 2019-06-19, 2019-06-20, 2019-06-21",2019-04-24,2019-06-09,2019-06-01,2019-06-07,2019-05-02,2019-07-05,2019-06-15,2019-06-21,1399,194,"2019-06-19, 2019-06-20, 2019-06-21, 2019-06-22, 2019-06-23, 2019-06-24, 2019-06-25, 2019-06-26",Iron Point,2019-05-27,2019-05-29,Continuous,2019-07-07,17,OK,
4639,2019 Leisure Town,2019 Leisure Town P1,Successful,NHD,Not ARI-scorable,0.5,Not evaluated,Sequential,,NHD,"Bulrush, cattails",2000,2019-03-17,2019-07-07,ND,ND,0,0,0,0.0,ND,ND,0,0,0,0.0,,ND,ND,0,0,0,0.0,No,NHD,No valid hatch date,,,ND,ND,0,0,0,0,,,ND,ND,ND,ND,ND,ND,ND,ND,0,0,,Solano County,inf,missed,missed,ND,18,OK,
4639,2019 Leisure Town,2019 Leisure Town P2,Successful,OK,High offspring acoustic activity,0.5,Low female denominator,Sequential,,2019-06-04,"Bulrush, cattails",2000,2019-03-17,2019-07-07,2019-05-26,2019-06-01,7,272,1,0.004,2019-06-09,2019-06-15,7,273,5,0.018,4.5,2019-06-13,2019-06-20,8,312,2,0.006,Yes,2019-06-18,,Female denominator is absent or low,ARI=4.5 from nestling_rate=0.018 / female_rate=0.004,2019-03-17,2019-07-07,4,1,29,5,2019-06-01,"2019-06-10, 2019-06-12",2019-04-17,2019-06-03,2019-06-01,2019-06-01,2019-06-10,2019-06-29,2019-06-10,2019-06-12,29,2,"2019-06-17, 2019-06-18",Solano County,2019-05-19,2019-05-23,~2019-06-17,~2019-07-05,18,OK,
5637,2019 Markham Ravine,2019 Markham Ravine P1,Partially Abandoned,OK,Reduced offspring acoustic activity,0.5,Stable female denominator,Simple,,2019-05-27,"Himalayan blackberry, willow",1500,2019-05-10,2019-07-08,2019-05-18,2019-05-24,7,273,155,0.568,2019-06-01,2019-06-07,7,273,51,0.187,0.329,2019-06-05,2019-06-12,8,312,2,0.006,Yes,2019-06-12,,,ARI=0.329 from nestling_rate=0.187 / female_rate=0.568,2019-05-10,2019-07-08,438,155,133,51,"2019-05-18, 2019-05-19, 2019-05-20, 2019-05-21, 2019-05-22, 2019-05-23, 2019-05-24","2019-06-01, 2019-06-02, 2019-06-03, 2019-06-04, 2019-06-05, 2019-06-06, 2019-06-07",2019-05-11,2019-06-03,2019-05-18,2019-05-24,2019-05-29,2019-06-16,2019-06-01,2019-06-07,50,2,"2019-06-05, 2019-06-12",Markham Ravine,inf,2019-05-15,2019-06-16,2019-06-20,19,OK,
5640,2019 Markham Ravine 2,2019 Markham Ravine 2 P1,Partially Abandoned,OK,Reduced offspring acoustic activity,0.5,Stable female denominator,Simple,,2019-05-28,"Himalayan blackberry, willow",10000,2019-05-10,2019-07-08,2019-05-19,2019-05-25,7,273,146,0.535,2019-06-02,2019-06-08,7,273,33,0.121,0.226,2019-06-06,2019-06-13,8,312,2,0.006,Yes,2019-06-11,,,ARI=0.226 from nestling_rate=0.121 / female_rate=0.535,2019-05-10,2019-07-08,304,146,45,33,"2019-05-19, 2019-05-20, 2019-05-21, 2019-05-22, 2019-05-23, 2019-05-24, 2019-05-25","2019-06-02, 2019-06-03, 2019-06-04, 2019-06-05, 2019-06-06, 2019-06-07",2019-05-16,2019-06-09,2019-05-19,2019-05-25,2019-05-31,2019-06-10,2019-06-02,2019-06-07,12,2,2019-06-11,Markham Ravine,inf,2019-05-16,ND,ND,20,OK,
82630,2019 Red Wing Ranch,2019 Red Wing Ranch,No Colony,NHD,Not ARI-scorable,0.5,Not evaluated,No Colony,,NHD,"Himalayan blackberry, Bulrush, cattails",No Colony,2019-04-24,2019-05-10,ND,ND,0,0,0,0.0,ND,ND,0,0,0,0.0,,ND,ND,0,0,0,0.0,No,NHD,Outcome is No Colony; ARI metrics not applicable,,,ND,ND,0,0,0,0,,,ND,ND,ND,ND,ND,ND,ND,ND,0,0,,Placer County,ND,ND,ND,ND,21,OK,
5638,2019 Rush Ranch,2019 Rush Ranch P1,Abandoned,NHD,Not ARI-scorable,0.5,Not evaluated,Unknown,,5/21/2019(E),"Bulrush, cattails",500,2019-02-06,2019-07-06,ND,ND,0,0,0,0.0,ND,ND,0,0,0,0.0,,ND,ND,0,0,0,0.0,No,NHD,Breeding Type does not have ARI score calculated: Unknown; No valid hatch date,,,ND,ND,0,0,0,0,,,ND,ND,ND,ND,ND,ND,ND,ND,0,0,,Solano County,2019-05-02,2019-05-09,ND,ND,22,OK,
7657,2020 Conaway Ranch,2020 Conaway Ranch P1,Successful,ND_INVALID_BREEDING_TYPE,Not ARI-scorable,0.5,Stable female denominator,Asynchronous,,~2020-06-04,Cattails with bulrush,19000,2020-05-18,2020-07-10,2020-05-26,2020-06-01,7,259,25,0.097,2020-06-09,2020-06-15,7,259,0,0.0,,2020-06-13,2020-06-20,8,296,29,0.098,Yes,2020-06-20,Breeding Type does not have ARI score calculated: Asynchronous,,"Invalid breeding type; call dates/counts/rates calculated, but numeric ARI not calculated",2020-03-12,2020-07-10,51,25,120,0,"2020-05-26, 2020-05-27, 2020-05-28, 2020-05-29, 2020-05-30, 2020-05-31",,2020-05-21,2020-06-04,2020-05-26,2020-05-31,2020-06-18,2020-07-04,ND,ND,214,29,"2020-06-17, 2020-06-18, 2020-06-19, 2020-06-20",Central Sacramento Valley,inf,2020-05-25,2020-06-18,ND,23,OK,
2908,2020 Creed Road,2020 Creed Road,No Colony,NHD,Not ARI-scorable,0.5,Not evaluated,No Colony,,NHD,Himalayan blackberry,1000,2020-02-12,2020-07-11,ND,ND,0,0,0,0.0,ND,ND,0,0,0,0.0,,ND,ND,0,0,0,0.0,No,NHD,Outcome is No Colony; ARI metrics not applicable,,,ND,ND,0,0,0,0,,,ND,ND,ND,ND,ND,ND,ND,ND,0,0,,Solano County,ND,ND,ND,ND,24,OK,
57589,2020 Fort Ord,2020 Fort Ord P1,Successful,ND_INVALID_BREEDING_TYPE,Not ARI-scorable,0.5,Moderate female denominator,Asynchronous,,2020-04-24,"Stinging nettle (Urtica spp.), Poison hemlock (Conium maculatum)",No Colony,2020-04-08,2020-07-15,2020-04-15,2020-04-21,7,259,19,0.073,2020-04-29,2020-05-05,7,259,78,0.301,,2020-05-03,2020-05-10,8,296,12,0.041,Yes,2020-05-10,Breeding Type does not have ARI score calculated: Asynchronous,,"Invalid breeding type; call dates/counts/rates calculated, but numeric ARI not calculated",2020-03-23,2020-07-15,57,19,170,78,"2020-04-16, 2020-04-17, 2020-04-18, 2020-04-19, 2020-04-20, 2020-04-21","2020-04-29, 2020-04-30, 2020-05-01, 2020-05-02, 2020-05-03, 2020-05-04, 2020-05-05",2020-04-09,2020-05-03,2020-04-16,2020-04-21,2020-04-28,2020-05-15,2020-04-29,2020-05-05,107,12,"2020-05-09, 2020-05-10",Monterey,inf,2020-04-12,2020-05-09,2020-05-28,25,OK,
6199,2020 Hay Landfill,2020 Hay Landfill P1,Successful,ND_INVALID_BREEDING_TYPE,Not ARI-scorable,0.5,Moderate female denominator,Complex,"Sequential, Additions",2020-04-27,"Bulrush, cattails",4000,2020-02-12,2020-07-10,2020-04-18,2020-04-24,7,112,13,0.116,2020-05-02,2020-05-08,7,112,14,0.125,,2020-05-06,2020-05-13,8,128,28,0.219,Yes,2020-05-13,Breeding Type does not have ARI score calculated: Complex,,"Invalid breeding type; call dates/counts/rates calculated, but numeric ARI not calculated",2020-02-12,2020-07-10,146,13,54,14,"2020-04-18, 2020-04-19, 2020-04-23","2020-05-03, 2020-05-04, 2020-05-05, 2020-05-06, 2020-05-07, 2020-05-08",2020-04-15,2020-06-03,2020-04-18,2020-04-23,2020-05-01,2020-07-04,2020-05-03,2020-05-08,931,28,"2020-05-11, 2020-05-12, 2020-05-13",Solano County,2020-03-16,2020-04-15,2020-05-11,Continuous,26,OK,
6199,2020 Hay Landfill,2020 Hay Landfill P2,Successful,ND_INVALID_BREEDING_TYPE,Not ARI-scorable,0.5,Low female denominator,Complex,"Sequential, Additions",~2020-06-06,"Bulrush, cattails",4000,2020-02-12,2020-07-10,2020-05-28,2020-06-03,7,112,4,0.036,2020-06-11,2020-06-17,7,112,7,0.062,,2020-06-15,2020-06-22,8,128,42,0.328,Yes,2020-06-22,Breeding Type does not have ARI score calculated: Complex,Female denominator is absent or low,"Invalid breeding type; call dates/counts/rates calculated, but numeric ARI not calculated",2020-02-12,2020-07-10,146,4,54,7,"2020-05-28, 2020-06-02, 2020-06-03","2020-06-11, 2020-06-12, 2020-06-13, 2020-06-15",2020-04-15,2020-06-03,2020-05-28,2020-06-03,2020-05-01,2020-07-04,2020-06-11,2020-06-15,931,42,"2020-06-15, 2020-06-16, 2020-06-17, 2020-06-18, 2020-06-19, 2020-06-20, 2020-06-21, 2020-06-22",Solano County,2020-05-12,2020-05-27,Continuous,inf,26,OK,
7650,2020 Iron Point,2020 Iron Point,No Colony,NHD,Not ARI-scorable,0.5,Not evaluated,No Colony,,NHD,Himalayan blackberry,No Colony,2020-04-19,2020-08-05,ND,ND,0,0,0,0.0,ND,ND,0,0,0,0.0,,ND,ND,0,0,0,0.0,No,NHD,Outcome is No Colony; ARI metrics not applicable,,,ND,ND,0,0,0,0,,,ND,ND,ND,ND,ND,ND,ND,ND,0,0,,Iron Point,ND,ND,ND,ND,27,OK,
6404,2020 Markham Ravine,2020 Markham Ravine P1,Partially Abandoned,OK,Reduced offspring acoustic activity,0.5,Stable female denominator,Simple,,2020-05-19,"Himalayan blackberry, willow",1000,2020-04-28,2020-06-24,2020-05-10,2020-05-16,7,259,198,0.764,2020-05-24,2020-05-30,7,259,42,0.162,0.212,2020-05-28,2020-06-04,8,283,8,0.028,Yes,2020-06-04,,,ARI=0.212 from nestling_rate=0.162 / female_rate=0.764,2020-04-28,2020-06-24,462,198,50,42,"2020-05-10, 2020-05-11, 2020-05-12, 2020-05-13, 2020-05-14, 2020-05-15, 2020-05-16","2020-05-24, 2020-05-25, 2020-05-26, 2020-05-27, 2020-05-28, 2020-05-29",2020-05-05,2020-06-15,2020-05-10,2020-05-16,2020-05-20,2020-05-31,2020-05-24,2020-05-29,18,8,"2020-05-30, 2020-05-31, 2020-06-02, 2020-06-03, 2020-06-04",Markham Ravine,inf,2020-05-07,~2020-05-30,~2020-06-08,28,OK,
18572,2020 Ohlone - Santa Lucia Preserve,2020 Ohlone - Santa Lucia Preserve P1,Successful,OK,High offspring acoustic activity,0.5,Stable female denominator,Simple,,~2020-05-01,Bulrush (Schoenoplectus spp.),80,2020-03-25,2020-07-18,2020-04-22,2020-04-28,7,111,35,0.315,2020-05-06,2020-05-12,7,112,39,0.348,1.105,2020-05-10,2020-05-17,8,128,32,0.25,Yes,2020-05-17,,,ARI=1.105 from nestling_rate=0.348 / female_rate=0.315,2020-03-25,2020-07-18,135,35,243,39,"2020-04-22, 2020-04-23, 2020-04-24, 2020-04-25, 2020-04-26, 2020-04-27, 2020-04-28","2020-05-06, 2020-05-07, 2020-05-08, 2020-05-09, 2020-05-10, 2020-05-11, 2020-05-12",2020-04-02,2020-05-20,2020-04-22,2020-04-28,2020-05-05,2020-06-26,2020-05-06,2020-05-12,153,32,"2020-05-11, 2020-05-12, 2020-05-13, 2020-05-14, 2020-05-15, 2020-05-16, 2020-05-17",Monterey,missed,~2020-04-20,2020-05-12,2020-06-15,29,OK,
2915,2020 Rush Ranch,2020 Rush Ranch,No Colony,NHD,Not ARI-scorable,0.5,Not evaluated,No Colony,,NHD,"Bulrush, cattails",No Colony,2020-02-12,2020-07-10,ND,ND,0,0,0,0.0,ND,ND,0,0,0,0.0,,ND,ND,0,0,0,0.0,No,NHD,Outcome is No Colony; ARI metrics not applicable,,,ND,ND,0,0,0,0,,,ND,ND,ND,ND,ND,ND,ND,ND,0,0,,Solano County,ND,ND,ND,ND,30,OK,
24130,2021 Colusa NWR 27-1,2021 Colusa NWR 27-1 P1,Successful,OK,High offspring acoustic activity,0.5,Moderate female denominator,Simple,,~2021-06-02,"Bulrush, cattails",Unknown,2021-04-21,2021-06-26,2021-05-24,2021-05-30,7,546,11,0.02,2021-06-07,2021-06-13,7,534,23,0.043,2.15,2021-06-11,2021-06-18,8,580,11,0.019,Yes,2021-06-16,,,ARI=2.15 from nestling_rate=0.043 / female_rate=0.02,2021-04-09,2021-06-26,29,11,28,23,"2021-05-24, 2021-05-25, 2021-05-26, 2021-05-27, 2021-05-28","2021-06-07, 2021-06-08, 2021-06-09, 2021-06-10, 2021-06-12, 2021-06-13",2021-05-18,2021-06-02,2021-05-24,2021-05-28,2021-06-04,2021-06-13,2021-06-07,2021-06-13,19,11,"2021-06-13, 2021-06-14, 2021-06-15, 2021-06-16",Sacramento National Wildlife Refuge Complex,2021-05-11,~2021-05-21,~2021-06-13,~2021-06-17,31,OK,
24221,2021 Colusa NWR 27-2,2021 Colusa NWR 27-2 P1,Unknown,ND_INVALID_BREEDING_TYPE,Not ARI-scorable,0.5,Stable female denominator,Unknown,,~2021-06-13,"Bulrush, cattails",10000,2021-04-21,2021-06-21,2021-06-04,2021-06-10,7,546,66,0.121,2021-06-18,2021-06-21,4,239,0,0.0,,2021-06-22,2021-06-21,0,0,0,0.0,No,ND,Breeding Type does not have ARI score calculated: Unknown,,"Invalid breeding type; call dates/counts/rates calculated, but numeric ARI not calculated",2021-04-09,2021-06-21,220,66,0,0,"2021-06-04, 2021-06-05, 2021-06-06, 2021-06-07, 2021-06-08, 2021-06-09, 2021-06-10",,2021-05-29,2021-06-20,2021-06-04,2021-06-10,ND,ND,ND,ND,0,0,,Sacramento National Wildlife Refuge Complex,2021-05-19,~2021-06-01,ND,ND,32,OK,
21652,2021 Conaway East,2021 Conaway East P1,Successful,OK,High offspring acoustic activity,0.5,Low female denominator,Simple,,~2021-06-08,Cattails with bulrush,10000,2021-05-20,2021-07-05,2021-05-30,2021-06-05,7,273,1,0.004,2021-06-13,2021-06-19,7,273,1,0.004,1.0,2021-06-17,2021-06-24,8,312,57,0.183,Yes,2021-06-24,,Female denominator is absent or low,ARI=1.0 from nestling_rate=0.004 / female_rate=0.004,2021-03-30,2021-07-05,3,1,16,1,2021-06-01,2021-06-19,2021-05-29,2021-06-06,2021-06-01,2021-06-01,2021-06-19,2021-06-27,2021-06-19,2021-06-19,293,57,"2021-06-17, 2021-06-20, 2021-06-21, 2021-06-22, 2021-06-23, 2021-06-24",Central Sacramento Valley,inf,2021-05-30,2021-06-20,ND,33,OK,
24652,2021 Conaway South,2021 Conaway South P1,Successful,OK,High offspring acoustic activity,0.5,Stable female denominator,Simple,,2021-06-09,Cattails with bulrush,10000,2021-05-20,2021-07-05,2021-05-31,2021-06-06,7,273,106,0.388,2021-06-14,2021-06-20,7,273,105,0.385,0.992,2021-06-18,2021-06-25,8,312,59,0.189,Yes,2021-06-25,,,ARI=0.992 from nestling_rate=0.385 / female_rate=0.388,2021-03-30,2021-07-05,196,106,297,105,"2021-05-31, 2021-06-01, 2021-06-02, 2021-06-03, 2021-06-04, 2021-06-05, 2021-06-06","2021-06-14, 2021-06-15, 2021-06-16, 2021-06-17, 2021-06-18, 2021-06-19, 2021-06-20",2021-05-27,2021-06-12,2021-05-31,2021-06-06,2021-06-12,2021-06-29,2021-06-14,2021-06-20,222,59,"2021-06-22, 2021-06-23, 2021-06-24, 2021-06-25",Central Sacramento Valley,inf,2021-05-29,2021-06-23,2021-07-01,34,OK,
21591,2021 Conaway West,2021 Conaway West P1,Successful,ND_NO_FEMALE_CALLS,Not ARI-scorable,0.5,No female denominator,Simple,,~2021-05-31,Cattails with bulrush,10000,2021-05-12,2021-06-28,2021-05-22,2021-05-28,7,273,0,0.0,2021-06-05,2021-06-11,7,273,6,0.022,,2021-06-09,2021-06-16,8,312,7,0.022,Yes,2021-06-16,,"Female denominator is absent or low; ARI not scorable because female denominator is zero, but offspring detections are present",No female detections in female window; female_window=2021-05-22 to 2021-05-28; raw_female_rows=8,2021-03-30,2021-06-28,8,0,11,6,,"2021-06-07, 2021-06-08, 2021-06-10, 2021-06-11",2021-05-30,2021-06-02,ND,ND,2021-06-07,2021-06-16,2021-06-07,2021-06-11,42,7,"2021-06-13, 2021-06-15, 2021-06-16",Central Sacramento Valley,inf,2021-05-21,2021-06-13,ND,35,OK,
21681,2021 Creed Road,2021 Creed Road,No Colony,NHD,Not ARI-scorable,0.5,Not evaluated,No Colony,,NHD,Himalayan blackberry,1000,2021-02-02,2021-05-12,ND,ND,0,0,0,0.0,ND,ND,0,0,0,0.0,,ND,ND,0,0,0,0.0,No,NHD,Outcome is No Colony; ARI metrics not applicable,,,ND,ND,0,0,0,0,,,ND,ND,ND,ND,ND,ND,ND,ND,0,0,,Solano County,ND,ND,ND,ND,36,OK,
24122,2021 Dagnino Pond,2021 Dagnino Pond,No Colony,NHD,Not ARI-scorable,0.5,Not evaluated,No Colony,,NHD,"Bulrush, cattails, Mustard",No Colony,2021-04-29,2021-07-12,ND,ND,0,0,0,0.0,ND,ND,0,0,0,0.0,,ND,ND,0,0,0,0.0,No,NHD,Outcome is No Colony; ARI metrics not applicable,,,ND,ND,0,0,0,0,,,ND,ND,ND,ND,ND,ND,ND,ND,0,0,,CNLM,ND,ND,ND,ND,37,OK,
21668,2021 Foley Ranch,2021 Foley Ranch P1,Successful,OK,High offspring acoustic activity,0.5,Stable female denominator,Sequential,,2021-05-12,Himalayan blackberry,10000,2021-05-04,2021-06-14,2021-05-03,2021-05-09,7,217,122,0.562,2021-05-17,2021-05-23,7,273,191,0.7,1.246,2021-05-21,2021-05-28,8,312,41,0.131,Yes,2021-05-28,,,ARI=1.246 from nestling_rate=0.7 / female_rate=0.562,2021-03-30,2021-06-14,345,122,353,191,"2021-05-04, 2021-05-05, 2021-05-06, 2021-05-07, 2021-05-08, 2021-05-09","2021-05-17, 2021-05-18, 2021-05-19, 2021-05-20, 2021-05-21, 2021-05-22, 2021-05-23",2021-05-04,2021-06-14,2021-05-04,2021-05-09,2021-05-13,2021-06-01,2021-05-17,2021-05-23,352,41,"2021-05-22, 2021-05-24, 2021-05-25, 2021-05-26, 2021-05-27, 2021-05-28",Central Sacramento Valley,inf,2021-04-30,2021-05-24,ND,38,OK,
21668,2021 Foley Ranch,2021 Foley Ranch P2,Unknown,ND_INSUFFICIENT_DAYS,Not ARI-scorable,0.5,Moderate female denominator,Sequential,,2021-06-13,Himalayan blackberry,10000,2021-05-04,2021-06-14,2021-06-04,2021-06-10,7,273,11,0.04,2021-06-18,2021-06-14,0,0,0,0.0,,2021-06-22,2021-06-14,0,0,0,0.0,No,ND,Nestling days less than 4,,"Insufficient span days: incubation=7, nestling=0",2021-03-30,2021-06-14,345,11,353,0,"2021-06-07, 2021-06-08, 2021-06-09, 2021-06-10",,2021-05-04,2021-06-14,2021-06-07,2021-06-10,2021-05-13,2021-06-01,ND,ND,352,0,,Central Sacramento Valley,2021-05-23,2021-06-01,ND,ND,38,OK,
21688,2021 Hale Road 2,2021 Hale Road 2 P1,Successful,OK,High offspring acoustic activity,0.5,Stable female denominator,Simple,,2021-05-14,"Himalayan blackberry, bulrush",7000,2021-05-04,2021-06-14,2021-05-05,2021-05-11,7,273,196,0.718,2021-05-19,2021-05-25,7,273,206,0.755,1.052,2021-05-23,2021-05-30,8,312,38,0.122,Yes,2021-05-30,,,ARI=1.052 from nestling_rate=0.755 / female_rate=0.718,2021-03-30,2021-06-14,455,196,536,206,"2021-05-05, 2021-05-06, 2021-05-07, 2021-05-08, 2021-05-09, 2021-05-10, 2021-05-11","2021-05-19, 2021-05-20, 2021-05-21, 2021-05-22, 2021-05-23, 2021-05-24, 2021-05-25",2021-05-04,2021-05-26,2021-05-05,2021-05-11,2021-05-16,2021-06-05,2021-05-19,2021-05-25,170,38,"2021-05-28, 2021-05-29, 2021-05-30",Central Sacramento Valley,inf,2021-05-02,2021-05-28,2021-06-04,39,OK,
11101,2021 Hay Landfill,2021 Hay Landfill P1,Unknown,ND_INVALID_BREEDING_TYPE,Not ARI-scorable,0.5,Moderate female denominator,Unknown,,~2021-04-23,"Bulrush, cattails",4000,2021-02-02,2021-05-08,2021-04-14,2021-04-20,7,270,15,0.056,2021-04-28,2021-05-04,7,110,3,0.027,,2021-05-02,2021-05-05,4,47,1,0.021,Yes,2021-05-03,Breeding Type does not have ARI score calculated: Unknown,,"Invalid breeding type; call dates/counts/rates calculated, but numeric ARI not calculated",2021-02-02,2021-05-05,57,15,8,3,"2021-04-17, 2021-04-18, 2021-04-19, 2021-04-20","2021-04-30, 2021-05-04",2021-04-17,2021-05-05,2021-04-17,2021-04-20,2021-04-26,2021-05-05,2021-04-30,2021-05-04,1,1,2021-05-03,Solano County,2021-02-16,2021-04-13,ND,ND,40,OK,
24658,2021 Iron Point,2021 Iron Point P1,Abandoned,NHD,Not ARI-scorable,0.5,Not evaluated,Unknown,,5/4/2021(E),Himalayan blackberry,No Colony,2021-02-02,2021-05-14,ND,ND,0,0,0,0.0,ND,ND,0,0,0,0.0,,ND,ND,0,0,0,0.0,No,NHD,Breeding Type does not have ARI score calculated: Unknown; No valid hatch date,,,ND,ND,0,0,0,0,,,ND,ND,ND,ND,ND,ND,ND,ND,0,0,,Iron Point,2021-04-02,2021-04-22,ND,ND,41,OK,
24606,2021 Kern 1,2021 Kern 1 P1,Successful,ND_NO_FEMALE_CALLS,Not ARI-scorable,0.5,No female denominator,Simple,,~2021-05-30,"Stinging nettle, mulefat",NEED,2021-04-09,2021-08-05,2021-05-21,2021-05-27,7,273,0,0.0,2021-06-04,2021-06-10,7,273,0,0.0,,2021-06-08,2021-06-15,8,312,0,0.0,No,ND,,Female denominator is absent or low,No female detections in female window; female_window=2021-05-21 to 2021-05-27; raw_female_rows=0,2021-04-09,2021-08-05,0,0,0,0,,,ND,ND,ND,ND,ND,ND,ND,ND,0,0,,Southern Sierra Research Station,missed,2021-05-20,ND,ND,42,OK,
24544,2021 Kern 2,2021 Kern 2,No Colony,NHD,Not ARI-scorable,0.5,Not evaluated,No Colony,,NHD,Cattails,No Colony,2021-04-06,2021-07-30,ND,ND,0,0,0,0.0,ND,ND,0,0,0,0.0,,ND,ND,0,0,0,0.0,No,NHD,Outcome is No Colony; ARI metrics not applicable,,,ND,ND,0,0,0,0,,,ND,ND,ND,ND,ND,ND,ND,ND,0,0,,Southern Sierra Research Station,ND,ND,ND,ND,43,OK,
24641,2021 Kern 3,2021 Kern 3,No Colony,NHD,Not ARI-scorable,0.5,Not evaluated,No Colony,,NHD,Bulrush,No Colony,2021-04-06,2021-08-05,ND,ND,0,0,0,0.0,ND,ND,0,0,0,0.0,,ND,ND,0,0,0,0.0,No,NHD,Outcome is No Colony; ARI metrics not applicable,,,ND,ND,0,0,0,0,,,ND,ND,ND,ND,ND,ND,ND,ND,0,0,,Southern Sierra Research Station,ND,ND,ND,ND,44,OK,
24655,2021 Kern 4,2021 Kern 4 P1,Partially Abandoned,OK,Reduced offspring acoustic activity,0.5,Stable female denominator,Simple,,~2021-05-13,Stinging nettle,NEED,2021-04-19,2021-08-10,2021-05-04,2021-05-10,7,273,36,0.132,2021-05-18,2021-05-24,7,273,3,0.011,0.083,2021-05-22,2021-05-29,8,312,9,0.029,Yes,2021-05-29,,,ARI=0.083 from nestling_rate=0.011 / female_rate=0.132,2021-03-23,2021-08-10,46,36,14,3,"2021-05-04, 2021-05-05, 2021-05-06, 2021-05-07, 2021-05-08, 2021-05-10","2021-05-23, 2021-05-24",2021-04-23,2021-05-12,2021-05-04,2021-05-10,2021-05-23,2021-06-01,2021-05-23,2021-05-24,24,9,"2021-05-27, 2021-05-28, 2021-05-29",Southern Sierra Research Station,missed,~2021-05-01,~2021-05-27,~2021-06-05,45,OK,
26534,2021 Kern 5,2021 Kern 5 P1,Successful,ND_INVALID_BREEDING_TYPE,Not ARI-scorable,0.5,No female denominator,Asynchronous,,~2021-04-25,Himalayan blackberry,NEED,2021-04-27,2021-08-17,2021-04-16,2021-04-22,7,0,0,0.0,2021-04-30,2021-05-06,7,273,87,0.319,,2021-05-04,2021-05-11,8,312,57,0.183,Yes,2021-05-11,Breeding Type does not have ARI score calculated: Asynchronous,Female denominator is absent or low,"Invalid breeding type; call dates/counts/rates calculated, but numeric ARI not calculated",2021-03-23,2021-08-17,334,0,870,87,,"2021-04-30, 2021-05-01, 2021-05-02, 2021-05-03, 2021-05-04, 2021-05-05, 2021-05-06",2021-04-27,2021-05-30,ND,ND,2021-04-28,2021-06-15,2021-04-30,2021-05-06,1156,57,"2021-05-06, 2021-05-07, 2021-05-08, 2021-05-09, 2021-05-10, 2021-05-11",Southern Sierra Research Station,inf,~2021-04-13,2021-05-08,2021-06-17,46,OK,
26534,2021 Kern 5,2021 Kern 5 P2,REVIEW_MISSING_OUTCOME,ND_INVALID_BREEDING_TYPE,Not ARI-scorable,0.5,Stable female denominator,Asynchronous,,2021-05-14,Himalayan blackberry,NEED,2021-04-27,2021-08-17,2021-05-05,2021-05-11,7,273,80,0.293,2021-05-19,2021-05-25,7,273,83,0.304,,2021-05-23,2021-05-30,8,312,260,0.833,Yes,2021-05-30,Breeding Type does not have ARI score calculated: Asynchronous,,"Invalid breeding type; call dates/counts/rates calculated, but numeric ARI not calculated",2021-03-23,2021-08-17,334,80,870,83,"2021-05-05, 2021-05-06, 2021-05-07, 2021-05-08, 2021-05-09, 2021-05-10, 2021-05-11","2021-05-19, 2021-05-20, 2021-05-21, 2021-05-22, 2021-05-23, 2021-05-24, 2021-05-25",2021-04-27,2021-05-30,2021-05-05,2021-05-11,2021-04-28,2021-06-15,2021-05-19,2021-05-25,1156,260,"2021-05-23, 2021-05-24, 2021-05-25, 2021-05-26, 2021-05-27, 2021-05-28, 2021-05-29, 2021-05-30",Southern Sierra Research Station,ND,2021-05-02,Continuous,ND,46,REVIEW,p2 has exported pulse date fields but p2Outcome is blank or n/a.
26535,2021 Kern 6,2021 Kern 6 P1,No TRBL,NHD,Not ARI-scorable,0.5,Not evaluated,No TRBL,,NHD,Cattails,No Colony,2021-05-01,2021-08-21,ND,ND,0,0,0,0.0,ND,ND,0,0,0,0.0,,ND,ND,0,0,0,0.0,No,NHD,Outcome is No TRBL; ARI metrics not applicable,,,ND,ND,0,0,0,0,,,ND,ND,ND,ND,ND,ND,ND,ND,0,0,,Southern Sierra Research Station,ND,ND,ND,ND,47,OK,
26536,2021 Kern 7,2021 Kern 7 P1,Abandoned,ND_INVALID_BREEDING_TYPE,Not ARI-scorable,0.5,Stable female denominator,Unknown,,2021-05-31,Stinging nettle,NEED,2021-05-17,2021-09-01,2021-05-22,2021-05-28,7,273,29,0.106,2021-06-05,2021-06-11,7,273,0,0.0,,2021-06-09,2021-06-16,8,312,0,0.0,No,ND,Breeding Type does not have ARI score calculated: Unknown,,"Invalid breeding type; call dates/counts/rates calculated, but numeric ARI not calculated",2021-03-23,2021-09-01,48,29,0,0,"2021-05-22, 2021-05-23, 2021-05-24, 2021-05-25, 2021-05-26, 2021-05-27",,2021-05-18,2021-06-02,2021-05-22,2021-05-27,ND,ND,ND,ND,0,0,,Southern Sierra Research Station,inf,2021-05-19,ND,ND,48,OK,
26432,2021 Markham Ravine,2021 Markham Ravine P1,No TRBL,NHD,Not ARI-scorable,0.5,Not evaluated,No TRBL,,NHD,"Himalayan blackberry, willow",No Colony,2021-04-30,2021-06-23,ND,ND,0,0,0,0.0,ND,ND,0,0,0,0.0,,ND,ND,0,0,0,0.0,No,NHD,Outcome is No TRBL; ARI metrics not applicable,,,ND,ND,0,0,0,0,,,ND,ND,ND,ND,ND,ND,ND,ND,0,0,,Markham Ravine,ND,ND,ND,ND,49,OK,
24252,2021 Orchard Creek,2021 Orchard Creek P1,Successful,ND_INVALID_BREEDING_TYPE,Not ARI-scorable,0.5,Stable female denominator,Additions,,2021-05-01,Himalayan blackberry,2500,2021-04-19,2021-07-04,2021-04-22,2021-04-28,7,273,101,0.37,2021-05-06,2021-05-12,7,273,50,0.183,,2021-05-10,2021-05-17,8,312,37,0.119,Yes,2021-05-17,Breeding Type does not have ARI score calculated: Additions,,"Invalid breeding type; call dates/counts/rates calculated, but numeric ARI not calculated",2021-03-30,2021-07-04,415,101,579,50,"2021-04-22, 2021-04-23, 2021-04-24, 2021-04-25, 2021-04-26, 2021-04-27, 2021-04-28","2021-05-06, 2021-05-07, 2021-05-08, 2021-05-09, 2021-05-10, 2021-05-11, 2021-05-12",2021-04-19,2021-05-31,2021-04-22,2021-04-28,2021-05-03,2021-06-16,2021-05-06,2021-05-12,440,37,"2021-05-14, 2021-05-15, 2021-05-16, 2021-05-17",Placer County,inf,2021-04-19,2021-05-15,2021-05-31,50,OK,
24252,2021 Orchard Creek,2021 Orchard Creek P2,Successful,ND_INVALID_BREEDING_TYPE,Not ARI-scorable,0.5,Stable female denominator,Additions,,2021-05-25,Himalayan blackberry,2500,2021-04-19,2021-07-04,2021-05-16,2021-05-22,7,273,110,0.403,2021-05-30,2021-06-05,7,273,211,0.773,,2021-06-03,2021-06-10,8,312,115,0.369,Yes,2021-06-10,Breeding Type does not have ARI score calculated: Additions,,"Invalid breeding type; call dates/counts/rates calculated, but numeric ARI not calculated",2021-03-30,2021-07-04,415,110,579,211,"2021-05-16, 2021-05-17, 2021-05-18, 2021-05-19, 2021-05-20, 2021-05-21, 2021-05-22","2021-05-30, 2021-05-31, 2021-06-01, 2021-06-02, 2021-06-03, 2021-06-04, 2021-06-05",2021-04-19,2021-05-31,2021-05-16,2021-05-22,2021-05-03,2021-06-16,2021-05-30,2021-06-05,440,115,"2021-06-03, 2021-06-04, 2021-06-05, 2021-06-06, 2021-06-07, 2021-06-08, 2021-06-09, 2021-06-10",Placer County,inf,2021-05-13,2021-06-03,2021-06-17,50,OK,
24233,2021 Panoche Creek Preserve 1W,2021 Panoche Creek Preserve 1W P1,Partially Abandoned,OK,No detected offspring acoustic evidence,0.5,Stable female denominator,Simple,,2021-05-04,Cattails,3500,2021-04-01,2021-07-14,2021-04-25,2021-05-01,7,273,86,0.315,2021-05-09,2021-05-15,7,273,0,0.0,0.0,2021-05-13,2021-05-20,8,312,0,0.0,No,ND,,,ARI=0.0 from nestling_rate=0.0 / female_rate=0.315,2021-04-01,2021-07-14,154,86,7,0,"2021-04-25, 2021-04-26, 2021-04-27, 2021-04-28, 2021-04-29, 2021-04-30, 2021-05-01",,2021-04-17,2021-05-07,2021-04-25,2021-05-01,2021-05-04,2021-05-24,ND,ND,4,0,,CNLM,2021-04-05,2021-04-22,ND,ND,51,OK,
24232,2021 Panoche Creek Preserve 2E,2021 Panoche Creek Preserve 2E P1,Successful,OK,Reduced offspring acoustic activity,0.5,Stable female denominator,Simple,,2021-05-02,Cattails,3500,2021-04-01,2021-07-14,2021-04-23,2021-04-29,7,273,123,0.451,2021-05-07,2021-05-13,7,273,41,0.15,0.333,2021-05-11,2021-05-18,8,312,14,0.045,Yes,2021-05-18,,,ARI=0.333 from nestling_rate=0.15 / female_rate=0.451,2021-04-01,2021-07-14,306,123,112,41,"2021-04-23, 2021-04-24, 2021-04-25, 2021-04-26, 2021-04-27, 2021-04-28, 2021-04-29","2021-05-07, 2021-05-08, 2021-05-10, 2021-05-11, 2021-05-12",2021-04-09,2021-05-12,2021-04-23,2021-04-29,2021-05-04,2021-05-19,2021-05-07,2021-05-12,31,14,"2021-05-17, 2021-05-18",CNLM,inf,2021-04-20,2021-05-18,2021-05-22,52,OK,
21537,2021 Plumas Arboga,2021 Plumas Arboga P1,Unknown,ND_INVALID_BREEDING_TYPE,Not ARI-scorable,0.5,Stable female denominator,Unknown,,2021-05-27,Cattails with Himalayan blackberry,2000,2021-05-14,2021-06-04,2021-05-18,2021-05-24,7,273,145,0.531,2021-06-01,2021-06-04,4,136,39,0.287,,2021-06-05,2021-06-04,0,0,0,0.0,No,ND,Breeding Type does not have ARI score calculated: Unknown,,"Invalid breeding type; call dates/counts/rates calculated, but numeric ARI not calculated",2021-03-30,2021-06-04,432,145,59,39,"2021-05-18, 2021-05-19, 2021-05-20, 2021-05-21, 2021-05-22, 2021-05-23, 2021-05-24","2021-06-01, 2021-06-02, 2021-06-03, 2021-06-04",2021-05-14,2021-06-03,2021-05-18,2021-05-24,2021-05-29,2021-06-04,2021-06-01,2021-06-04,0,0,,Central Sacramento Valley,inf,2021-05-15,ND,ND,53,OK,
24119,2021 Rancho Jamul,2021 Rancho Jamul P1,Successful,NHD,Not ARI-scorable,0.5,Not evaluated,Asynchronous,,NHD,"Cattails, bulrush or tule",NEED,2021-03-19,2021-06-05,ND,ND,0,0,0,0.0,ND,ND,0,0,0,0.0,,ND,ND,0,0,0,0.0,No,NHD,Breeding Type does not have ARI score calculated: Asynchronous; No valid hatch date,,,ND,ND,0,0,0,0,,,ND,ND,ND,ND,ND,ND,ND,ND,0,0,,Rancho Jamul,ND,ND,ND,ND,54,REVIEW,"p1Outcome is 'Successful', but all exported date fields are blank or ND."
24651,2021 Reeds Creek North,2021 Reeds Creek North P1,Abandoned,NHD,Not ARI-scorable,0.5,Not evaluated,Unknown,,NHD,"Himalayan blackberry, lettuce",1000,2021-05-04,2021-05-20,ND,ND,0,0,0,0.0,ND,ND,0,0,0,0.0,,ND,ND,0,0,0,0.0,No,NHD,Breeding Type does not have ARI score calculated: Unknown; No valid hatch date,,,ND,ND,0,0,0,0,,,ND,ND,ND,ND,ND,ND,ND,ND,0,0,,Central Sacramento Valley,inf,ND,ND,ND,55,OK,
24653,2021 Reeds Creek South,2021 Reeds Creek South P1,Unknown,ND_INVALID_BREEDING_TYPE,Not ARI-scorable,0.5,Stable female denominator,Unknown,,2021-05-18,Himalayan blackberry,1500,2021-05-04,2021-05-20,2021-05-09,2021-05-15,7,273,161,0.59,2021-05-23,2021-05-20,0,0,0,0.0,,2021-05-27,2021-05-20,0,0,0,0.0,No,ND,Breeding Type does not have ARI score calculated: Unknown; Nestling days less than 4,,"Invalid breeding type; call dates/counts/rates calculated, but numeric ARI not calculated",2021-05-04,2021-05-20,366,161,0,0,"2021-05-09, 2021-05-10, 2021-05-11, 2021-05-12, 2021-05-13, 2021-05-14, 2021-05-15",,2021-05-04,2021-05-20,2021-05-09,2021-05-15,ND,ND,ND,ND,0,0,,Central Sacramento Valley,inf,2021-05-06,ND,ND,56,OK,
24231,2021 Rodeo Grounds 1,2021 Rodeo Grounds 1 P1,Successful,OK,High offspring acoustic activity,0.5,Stable female denominator,Simple,,2021-05-02,Himalayan blackberry,40,2021-04-19,2021-06-13,2021-04-23,2021-04-29,7,273,210,0.769,2021-05-07,2021-05-13,7,273,197,0.722,0.939,2021-05-11,2021-05-18,8,312,147,0.471,Yes,2021-05-18,,,ARI=0.939 from nestling_rate=0.722 / female_rate=0.769,2021-03-30,2021-06-13,455,210,382,197,"2021-04-23, 2021-04-24, 2021-04-25, 2021-04-26, 2021-04-27, 2021-04-28, 2021-04-29","2021-05-07, 2021-05-08, 2021-05-09, 2021-05-10, 2021-05-11, 2021-05-12, 2021-05-13",2021-04-19,2021-05-22,2021-04-23,2021-04-29,2021-05-04,2021-05-22,2021-05-07,2021-05-13,208,147,"2021-05-11, 2021-05-12, 2021-05-13, 2021-05-14, 2021-05-15, 2021-05-16, 2021-05-17, 2021-05-18",Placer County,inf,2021-04-20,2021-05-11,2021-05-24,57,OK,
24549,2021 Rush Ranch,2021 Rush Ranch,No Colony,NHD,Not ARI-scorable,0.5,Not evaluated,No Colony,,NHD,No Colony,No Colony,2021-02-02,2021-05-13,ND,ND,0,0,0,0.0,ND,ND,0,0,0,0.0,,ND,ND,0,0,0,0.0,No,NHD,Outcome is No Colony; ARI metrics not applicable,,,ND,ND,0,0,0,0,,,ND,ND,ND,ND,ND,ND,ND,ND,0,0,,Solano County,ND,ND,ND,ND,58,OK,
11100,2021 Sedgwick,2021 Sedgwick P1,Unknown,ND_INVALID_BREEDING_TYPE,Not ARI-scorable,0.5,Stable female denominator,Unknown,,2021-04-28,Cattails,250,2021-03-06,2021-05-06,2021-04-19,2021-04-25,7,203,34,0.167,2021-05-03,2021-05-04,2,6,5,0.833,,2021-05-07,2021-05-04,0,0,0,0.0,No,ND,Breeding Type does not have ARI score calculated: Unknown; Nestling days less than 4,,"Invalid breeding type; call dates/counts/rates calculated, but numeric ARI not calculated",2021-03-06,2021-05-04,97,34,19,5,"2021-04-19, 2021-04-20, 2021-04-21, 2021-04-22, 2021-04-23, 2021-04-24, 2021-04-25","2021-05-03, 2021-05-04",2021-04-06,2021-05-03,2021-04-19,2021-04-25,2021-04-29,2021-05-04,2021-05-03,2021-05-04,0,0,,Sedgwick,2021-04-04,2021-04-16,ND,ND,59,OK,
25171,2021 SJWA,2021 SJWA P1,Abandoned,ND_INVALID_BREEDING_TYPE,Not ARI-scorable,0.5,Stable female denominator,Unknown,,2021-06-15,"Bulrush, cattails",500,2021-06-02,2021-06-30,2021-06-06,2021-06-12,7,273,97,0.355,2021-06-20,2021-06-26,7,273,10,0.037,,2021-06-24,2021-06-30,7,252,0,0.0,No,ND,Breeding Type does not have ARI score calculated: Unknown,,"Invalid breeding type; call dates/counts/rates calculated, but numeric ARI not calculated",2021-03-04,2021-06-30,183,97,10,10,"2021-06-06, 2021-06-07, 2021-06-08, 2021-06-09, 2021-06-10, 2021-06-11, 2021-06-12","2021-06-20, 2021-06-21, 2021-06-22",2021-06-02,2021-06-19,2021-06-06,2021-06-12,2021-06-20,2021-06-22,2021-06-20,2021-06-22,0,0,,San Jacinto Wildlife Area,inf,2021-06-03,ND,ND,60,OK,
24107,2021 Willey Wetlands 1,2021 Willey Wetlands 1 P1,Successful,ND_NO_FEMALE_CALLS,Not ARI-scorable,0.5,No female denominator,Simple,,2021-06-20,"Bulrush, cattails",300,2021-06-10,2021-08-17,2021-06-11,2021-06-17,7,273,0,0.0,2021-06-25,2021-07-01,7,273,45,0.165,,2021-06-29,2021-07-06,8,312,1,0.003,Yes,2021-07-02,,"Female denominator is absent or low; ARI not scorable because female denominator is zero, but offspring detections are present",No female detections in female window; female_window=2021-06-11 to 2021-06-17; raw_female_rows=0,2021-06-03,2021-08-17,0,0,74,45,,"2021-06-25, 2021-06-26, 2021-06-27, 2021-06-28, 2021-06-29, 2021-06-30",ND,ND,ND,ND,2021-06-23,2021-07-05,2021-06-25,2021-06-30,9,1,2021-07-02,CNLM,inf,2021-06-08,ND,ND,61,OK,
24261,2021 Willey Wetlands 2,2021 Willey Wetlands 2 P1,Successful,ND_NO_FEMALE_CALLS,Not ARI-scorable,0.5,No female denominator,Simple,,~2021-06-12,"Bulrush, cattails",300,2021-06-10,2021-08-17,2021-06-03,2021-06-09,7,1,0,0.0,2021-06-17,2021-06-23,7,273,148,0.542,,2021-06-21,2021-06-28,8,312,25,0.08,Yes,2021-06-28,,"Female denominator is absent or low; ARI not scorable because female denominator is zero, but offspring detections are present",No female detections in female window; female_window=2021-06-03 to 2021-06-09; raw_female_rows=106,2021-06-03,2021-08-17,106,0,267,148,,"2021-06-17, 2021-06-18, 2021-06-19, 2021-06-20, 2021-06-21, 2021-06-22, 2021-06-23",2021-06-10,2021-06-21,ND,ND,2021-06-15,2021-07-02,2021-06-17,2021-06-23,161,25,"2021-06-23, 2021-06-26, 2021-06-27, 2021-06-28",CNLM,inf,2021-06-02,2021-06-28,2021-07-06,62,OK,
24263,2021 Willey Wetlands 3,2021 Willey Wetlands 3 P1,Successful,NHD,Not ARI-scorable,0.5,Not evaluated,Simple,,NHD,"Bulrush, cattails",300,2021-06-10,2021-08-15,ND,ND,0,0,0,0.0,ND,ND,0,0,0,0.0,,ND,ND,0,0,0,0.0,No,NHD,No valid hatch date,,,ND,ND,0,0,0,0,,,ND,ND,ND,ND,ND,ND,ND,ND,0,0,,CNLM,inf,inf,2021-06-24,2021-07-09,63,OK,
24790,2021 Wind Wolves Preserve,2021 Wind Wolves Preserve P1,Successful,OK,High offspring acoustic activity,0.5,Stable female denominator,Simple,,2021-05-14,Stinging nettle,NEED,2021-04-14,2021-07-20,2021-05-05,2021-05-11,7,273,107,0.392,2021-05-19,2021-05-25,7,143,39,0.273,0.696,2021-05-23,2021-05-30,8,312,25,0.08,Yes,2021-05-30,,,ARI=0.696 from nestling_rate=0.273 / female_rate=0.392,2021-03-23,2021-07-20,179,107,265,39,"2021-05-05, 2021-05-06, 2021-05-07, 2021-05-08, 2021-05-09, 2021-05-10, 2021-05-11","2021-05-23, 2021-05-24, 2021-05-25",2021-05-02,2021-05-24,2021-05-05,2021-05-11,2021-05-23,2021-06-05,2021-05-23,2021-05-25,93,25,"2021-05-26, 2021-05-27, 2021-05-28, 2021-05-29, 2021-05-30",Wind Wolves Preserve,2021-04-21,2021-05-02,2021-05-28,2021-06-07,64,OK,
34485,2022 Baja 1,2022 Baja 1 P1,Successful,ND_INVALID_BREEDING_TYPE,Not ARI-scorable,0.5,Stable female denominator,Asynchronous,,~2022-04-12,Cattails,350,2022-03-23,2022-07-12,2022-04-03,2022-04-09,7,273,29,0.106,2022-04-17,2022-04-23,7,273,98,0.359,,2022-04-21,2022-04-28,8,311,0,0.0,No,ND,Breeding Type does not have ARI score calculated: Asynchronous,,"Invalid breeding type; call dates/counts/rates calculated, but numeric ARI not calculated",2022-02-12,2022-07-12,143,29,316,98,"2022-04-03, 2022-04-04, 2022-04-05, 2022-04-06, 2022-04-07, 2022-04-08, 2022-04-09","2022-04-17, 2022-04-18, 2022-04-19, 2022-04-20, 2022-04-21, 2022-04-22, 2022-04-23",2022-03-30,2022-04-26,2022-04-03,2022-04-09,2022-04-15,2022-05-23,2022-04-17,2022-04-23,553,0,,Baja,inf,2022-04-02,2022-04-29,2022-05-18,65,OK,
53136,2022 Baja 2,2022 Baja 2 P1,Successful,ND_INVALID_BREEDING_TYPE,Not ARI-scorable,0.5,Stable female denominator,Asynchronous,,~2022-04-13,Cattails,350,2022-03-23,2022-07-17,2022-04-04,2022-04-10,7,272,33,0.121,2022-04-18,2022-04-24,7,272,137,0.504,,2022-04-22,2022-04-29,8,312,0,0.0,No,ND,Breeding Type does not have ARI score calculated: Asynchronous,,"Invalid breeding type; call dates/counts/rates calculated, but numeric ARI not calculated",2022-02-12,2022-07-14,118,33,343,137,"2022-04-04, 2022-04-05, 2022-04-06, 2022-04-07, 2022-04-08, 2022-04-09","2022-04-18, 2022-04-19, 2022-04-20, 2022-04-21, 2022-04-22, 2022-04-23, 2022-04-24",2022-03-24,2022-04-24,2022-04-04,2022-04-09,2022-04-14,2022-05-18,2022-04-18,2022-04-24,467,0,,Baja,inf,2022-04-03,2022-04-30,2022-05-18,66,OK,
34044,2022 Colusa NWR T27.1,2022 Colusa NWR T27.1 P1,No TRBL,NHD,Not ARI-scorable,0.5,Not evaluated,No TRBL,,NHD,"Bulrush, cattails",No Colony,2022-04-18,2022-08-04,ND,ND,0,0,0,0.0,ND,ND,0,0,0,0.0,,ND,ND,0,0,0,0.0,No,NHD,Outcome is No TRBL; ARI metrics not applicable,,,ND,ND,0,0,0,0,,,ND,ND,ND,ND,ND,ND,ND,ND,0,0,,Sacramento National Wildlife Refuge Complex,ND,ND,ND,ND,67,OK,
34079,2022 Colusa NWR T27.2,2022 Colusa NWR T27.2 P1,Successful,OK,Reduced offspring acoustic activity,0.5,Moderate female denominator,Simple,,2022-05-31,"Bulrush, cattails",3000,2022-04-18,2022-08-04,2022-05-22,2022-05-28,7,273,6,0.022,2022-06-05,2022-06-11,7,273,2,0.007,0.318,2022-06-09,2022-06-16,8,312,7,0.022,Yes,2022-06-16,,,ARI=0.318 from nestling_rate=0.007 / female_rate=0.022,2022-02-12,2022-08-03,38,6,44,2,"2022-05-24, 2022-05-27","2022-06-06, 2022-06-09",2022-05-24,2022-06-05,2022-05-24,2022-05-27,2022-05-31,2022-06-09,2022-06-06,2022-06-09,41,7,"2022-06-13, 2022-06-14, 2022-06-15, 2022-06-16",Sacramento National Wildlife Refuge Complex,missed,2022-05-19,2022-06-13,2022-06-20,68,OK,
34115,2022 Conaway East,2022 Conaway East P1,Partially Abandoned,OK,Reduced offspring acoustic activity,0.5,Stable female denominator,Simple,,2022-05-23,Himalayan blackberry,Unknown,2022-05-09,2022-06-28,2022-05-14,2022-05-20,7,546,142,0.26,2022-05-28,2022-06-03,7,546,22,0.04,0.154,2022-06-01,2022-06-08,8,624,4,0.006,Yes,2022-06-08,,,ARI=0.154 from nestling_rate=0.04 / female_rate=0.26,2022-05-09,2022-06-28,392,142,50,22,"2022-05-14, 2022-05-15, 2022-05-16, 2022-05-17, 2022-05-18, 2022-05-19, 2022-05-20",2022-05-28,2022-05-09,2022-05-25,2022-05-14,2022-05-20,2022-05-25,2022-05-28,2022-05-28,2022-05-28,146,4,"2022-06-05, 2022-06-07, 2022-06-08",Central Sacramento Valley,inf,2022-05-11,~2022-06-07,2022-06-17,69,OK,
34111,2022 Conaway New Easement Pond West,2022 Conaway New Easement Pond West P1,No TRBL,NHD,Not ARI-scorable,0.5,Not evaluated,No TRBL,,NHD,Cattails with bulrush,No Colony,2022-05-11,2022-06-13,ND,ND,0,0,0,0.0,ND,ND,0,0,0,0.0,,ND,ND,0,0,0,0.0,No,NHD,Outcome is No TRBL; ARI metrics not applicable,,,ND,ND,0,0,0,0,,,ND,ND,ND,ND,ND,ND,ND,ND,0,0,,Central Sacramento Valley,ND,ND,ND,ND,70,OK,
34112,2022 Conaway North,2022 Conaway North P1,Successful,OK,High offspring acoustic activity,0.5,Stable female denominator,Simple,,2022-05-21,"Cattails, Himalayan blackberry, willow",15000,2022-05-04,2022-06-28,2022-05-12,2022-05-18,7,546,489,0.896,2022-05-26,2022-06-01,7,546,446,0.817,0.912,2022-05-30,2022-06-06,8,624,357,0.572,Yes,2022-06-06,,,ARI=0.912 from nestling_rate=0.817 / female_rate=0.896,2022-05-04,2022-06-28,1094,489,1063,446,"2022-05-12, 2022-05-13, 2022-05-14, 2022-05-15, 2022-05-16, 2022-05-17, 2022-05-18","2022-05-26, 2022-05-27, 2022-05-28, 2022-05-29, 2022-05-30, 2022-05-31, 2022-06-01",2022-05-08,2022-06-03,2022-05-12,2022-05-18,2022-05-22,2022-06-12,2022-05-26,2022-06-01,1039,357,"2022-05-30, 2022-05-31, 2022-06-01, 2022-06-02, 2022-06-03, 2022-06-04, 2022-06-05, 2022-06-06",Central Sacramento Valley,inf,2022-05-09,2022-05-31,2022-06-19,71,OK,
34113,2022 Conaway North A,2022 Conaway North A P1,Successful,OK,High offspring acoustic activity,0.5,Stable female denominator,Simple,,2022-05-22,"Cattails, Himalayan blackberry, willow",15000,2022-05-04,2022-06-28,2022-05-13,2022-05-19,7,546,259,0.474,2022-05-27,2022-06-02,7,546,286,0.524,1.105,2022-05-31,2022-06-07,8,624,264,0.423,Yes,2022-06-07,,,ARI=1.105 from nestling_rate=0.524 / female_rate=0.474,2022-05-04,2022-06-28,504,259,547,286,"2022-05-13, 2022-05-14, 2022-05-15, 2022-05-16, 2022-05-17, 2022-05-18, 2022-05-19","2022-05-27, 2022-05-28, 2022-05-29, 2022-05-30, 2022-05-31, 2022-06-01, 2022-06-02",2022-05-07,2022-05-31,2022-05-13,2022-05-19,2022-05-24,2022-06-12,2022-05-27,2022-06-02,693,264,"2022-06-01, 2022-06-02, 2022-06-03, 2022-06-04, 2022-06-05, 2022-06-06, 2022-06-07",Central Sacramento Valley,inf,2022-05-10,2022-06-01,2022-06-16,72,OK,
34078,2022 Creed Road,2022 Creed Road P1,Successful,OK,High offspring acoustic activity,0.5,Stable female denominator,Simple,,2022-04-15,Himalayan blackberry,1000,2022-02-13,2022-08-20,2022-04-06,2022-04-12,7,273,178,0.652,2022-04-20,2022-04-26,7,273,233,0.853,1.308,2022-04-24,2022-05-01,8,312,51,0.163,Yes,2022-05-01,,,ARI=1.308 from nestling_rate=0.853 / female_rate=0.652,2022-02-13,2022-08-20,463,178,525,233,"2022-04-06, 2022-04-07, 2022-04-08, 2022-04-09, 2022-04-10, 2022-04-11, 2022-04-12","2022-04-20, 2022-04-21, 2022-04-22, 2022-04-23, 2022-04-24, 2022-04-25, 2022-04-26",2022-03-27,2022-04-29,2022-04-06,2022-04-12,2022-04-17,2022-06-12,2022-04-20,2022-04-26,783,51,"2022-04-28, 2022-04-29, 2022-04-30, 2022-05-01",Solano County,2022-03-13,2022-04-03,2022-04-28,2022-05-20,73,OK,
34118,2022 Foley Ranch A,2022 Foley Ranch A,No Colony,NHD,Not ARI-scorable,0.5,Not evaluated,No Colony,,NHD,Himalayan blackberry,5000,2022-04-24,2022-06-06,ND,ND,0,0,0,0.0,ND,ND,0,0,0,0.0,,ND,ND,0,0,0,0.0,No,NHD,Outcome is No Colony; ARI metrics not applicable,,,ND,ND,0,0,0,0,,,ND,ND,ND,ND,ND,ND,ND,ND,0,0,,Central Sacramento Valley,ND,ND,ND,ND,74,OK,
34119,2022 Foley Ranch B,2022 Foley Ranch B,No Colony,NHD,Not ARI-scorable,0.5,Not evaluated,No Colony,,NHD,Himalayan blackberry,5000,2022-04-24,2022-06-06,ND,ND,0,0,0,0.0,ND,ND,0,0,0,0.0,,ND,ND,0,0,0,0.0,No,NHD,Outcome is No Colony; ARI metrics not applicable,,,ND,ND,0,0,0,0,,,ND,ND,ND,ND,ND,ND,ND,ND,0,0,,Central Sacramento Valley,ND,ND,ND,ND,75,OK,
33966,2022 Hay Landfill,2022 Hay Landfill P1,Partially Abandoned,OK,Reduced offspring acoustic activity,0.5,Stable female denominator,Sequential,,~2022-04-10,"Bulrush, cattails",4000,2022-02-13,2022-09-09,2022-04-01,2022-04-07,7,273,128,0.469,2022-04-15,2022-04-21,7,273,15,0.055,0.117,2022-04-19,2022-04-26,8,312,0,0.0,No,ND,,,ARI=0.117 from nestling_rate=0.055 / female_rate=0.469,2022-02-13,2022-09-06,318,128,83,15,"2022-04-01, 2022-04-02, 2022-04-03, 2022-04-04, 2022-04-05, 2022-04-06, 2022-04-07","2022-04-15, 2022-04-16, 2022-04-17, 2022-04-18, 2022-04-19",2022-03-21,2022-06-01,2022-04-01,2022-04-07,2022-04-12,2022-06-06,2022-04-15,2022-04-19,374,0,,Solano County,2022-02-24,2022-03-31,2022-04-27,2022-05-15,76,OK,
33966,2022 Hay Landfill,2022 Hay Landfill P2,Successful,OK,High offspring acoustic activity,0.5,Low female denominator,Sequential,,2022-05-19,"Bulrush, cattails",4000,2022-02-13,2022-09-09,2022-05-10,2022-05-16,7,273,2,0.007,2022-05-24,2022-05-30,7,273,6,0.022,3.143,2022-05-28,2022-06-04,8,312,14,0.045,Yes,2022-06-04,,Female denominator is absent or low,ARI=3.143 from nestling_rate=0.022 / female_rate=0.007,2022-02-13,2022-09-06,318,2,83,6,"2022-05-15, 2022-05-16","2022-05-24, 2022-05-25, 2022-05-28, 2022-05-30",2022-03-21,2022-06-01,2022-05-15,2022-05-16,2022-04-12,2022-06-06,2022-05-24,2022-05-30,374,14,"2022-05-31, 2022-06-01, 2022-06-02, 2022-06-03, 2022-06-04",Solano County,2022-05-04,2022-05-07,2022-06-01,2022-06-27,76,OK,
34077,2022 Laguna Seca,2022 Laguna Seca P1,Successful,ND_NO_FEMALE_CALLS,Not ARI-scorable,0.5,No female denominator,Sequential,,~2022-04-15,"Bulrush, cattails",Unknown,2022-03-20,2022-07-11,2022-04-06,2022-04-12,7,273,0,0.0,2022-04-20,2022-04-26,7,273,2,0.007,,2022-04-24,2022-05-01,8,312,0,0.0,No,ND,,"Female denominator is absent or low; ARI not scorable because female denominator is zero, but offspring detections are present",No female detections in female window; female_window=2022-04-06 to 2022-04-12; raw_female_rows=116,2022-03-20,2022-07-10,116,0,75,2,,"2022-04-21, 2022-04-22",2022-05-08,2022-05-29,ND,ND,2022-04-16,2022-06-06,2022-04-21,2022-04-22,0,0,,Monterey,inf,2022-04-03,ND,ND,77,OK,
34077,2022 Laguna Seca,2022 Laguna Seca P2,Successful,OK,High offspring acoustic activity,0.5,Stable female denominator,Sequential,,2022-05-25,"Bulrush, cattails",Unknown,2022-03-20,2022-07-11,2022-05-16,2022-05-22,7,273,56,0.205,2022-05-30,2022-06-05,7,273,32,0.117,0.571,2022-06-03,2022-06-10,8,312,0,0.0,No,ND,,,ARI=0.571 from nestling_rate=0.117 / female_rate=0.205,2022-03-20,2022-07-10,116,56,75,32,"2022-05-16, 2022-05-17, 2022-05-18, 2022-05-19, 2022-05-20, 2022-05-21, 2022-05-22","2022-05-30, 2022-05-31, 2022-06-01, 2022-06-02",2022-05-08,2022-05-29,2022-05-16,2022-05-22,2022-04-16,2022-06-06,2022-05-30,2022-06-02,0,0,,Monterey,2022-05-03,2022-05-13,ND,ND,77,OK,
34117,2022 Los Vaqueros Reservoir,2022 Los Vaqueros Reservoir P1,Successful,NHD,Not ARI-scorable,0.5,Not evaluated,Unknown,,NHD,Himalayan blackberry,450,2022-04-15,2022-06-08,ND,ND,0,0,0,0.0,ND,ND,0,0,0,0.0,,ND,ND,0,0,0,0.0,No,NHD,Breeding Type does not have ARI score calculated: Unknown; No valid hatch date,,,ND,ND,0,0,0,0,,,ND,ND,ND,ND,ND,ND,ND,ND,0,0,,Los Vaqueros,inf,inf,~2022-04-17,ND,78,OK,
34117,2022 Los Vaqueros Reservoir,2022 Los Vaqueros Reservoir P2,REVIEW_MISSING_OUTCOME,ND_INVALID_BREEDING_TYPE,Not ARI-scorable,0.5,Stable female denominator,Unknown,,2022-04-19,Himalayan blackberry,450,2022-04-15,2022-06-08,2022-04-15,2022-04-16,2,64,46,0.719,2022-04-24,2022-04-30,7,273,213,0.78,,2022-04-28,2022-05-05,8,312,46,0.147,Yes,2022-05-05,Breeding Type does not have ARI score calculated: Unknown; Incubation days less than 4,,"Invalid breeding type; call dates/counts/rates calculated, but numeric ARI not calculated",2022-04-15,2022-06-08,207,46,458,213,"2022-04-15, 2022-04-16","2022-04-24, 2022-04-25, 2022-04-26, 2022-04-27, 2022-04-28, 2022-04-29, 2022-04-30",2022-04-15,2022-05-01,2022-04-15,2022-04-16,2022-04-15,2022-05-08,2022-04-24,2022-04-30,396,46,"2022-04-28, 2022-04-29, 2022-04-30, 2022-05-01, 2022-05-02, 2022-05-03, 2022-05-04, 2022-05-05",Los Vaqueros,inf,2022-04-07,2022-05-01,2022-05-24,78,REVIEW,p2 has exported pulse date fields but p2Outcome is blank or n/a.
34076,2022 Marsh Creek Reservoir,2022 Marsh Creek Reservoir P1,No TRBL,NHD,Not ARI-scorable,0.5,Not evaluated,No TRBL,,NHD,Cattails,No Colony,2022-04-15,2022-06-08,ND,ND,0,0,0,0.0,ND,ND,0,0,0,0.0,,ND,ND,0,0,0,0.0,No,NHD,Outcome is No TRBL; ARI metrics not applicable,,,ND,ND,0,0,0,0,,,ND,ND,ND,ND,ND,ND,ND,ND,0,0,,Los Vaqueros,ND,ND,ND,ND,79,OK,
34075,2022 Newberry Springs - Lake Wainani,2022 Newberry Springs - Lake Wainani P1,Successful,NHD,Not ARI-scorable,0.5,Not evaluated,Unknown,,NHD,"Cattails, willows",500,2022-05-12,2022-05-20,ND,ND,0,0,0,0.0,ND,ND,0,0,0,0.0,,ND,ND,0,0,0,0.0,No,NHD,Breeding Type does not have ARI score calculated: Unknown; No valid hatch date,,,ND,ND,0,0,0,0,,,ND,ND,ND,ND,ND,ND,ND,ND,0,0,,San Bernardino,ND,ND,ND,ND,80,REVIEW,"p1Outcome is 'Successful', but all exported date fields are blank or ND."
34090,2022 Ohlone - Santa Lucia Preserve,2022 Ohlone - Santa Lucia Preserve P1,Successful,ND_INVALID_BREEDING_TYPE,Not ARI-scorable,0.5,Stable female denominator,Asynchronous,,~2022-05-02,Bulrush (Schoenoplectus spp.),50,2022-03-21,2022-08-16,2022-04-23,2022-04-29,7,273,23,0.084,2022-05-07,2022-05-13,7,273,31,0.114,,2022-05-11,2022-05-18,8,312,42,0.135,Yes,2022-05-18,Breeding Type does not have ARI score calculated: Asynchronous,,"Invalid breeding type; call dates/counts/rates calculated, but numeric ARI not calculated",2022-03-21,2022-08-16,47,23,189,31,"2022-04-23, 2022-04-24, 2022-04-25, 2022-04-26, 2022-04-27, 2022-04-28, 2022-04-29","2022-05-07, 2022-05-08, 2022-05-09, 2022-05-10, 2022-05-11, 2022-05-12, 2022-05-13",2022-04-03,2022-05-19,2022-04-23,2022-04-29,2022-05-04,2022-06-13,2022-05-07,2022-05-13,455,42,"2022-05-12, 2022-05-13, 2022-05-14, 2022-05-15, 2022-05-16, 2022-05-18",Monterey,2022-04-05,~2022-04-15,2022-05-12,2022-06-20,81,OK,
33851,2022 OR1,2022 OR1,No Colony,NHD,Not ARI-scorable,0.5,Not evaluated,No Colony,,NHD,"Cattails, Himalayan blackberry",50,2022-04-18,2022-06-09,ND,ND,0,0,0,0.0,ND,ND,0,0,0,0.0,,ND,ND,0,0,0,0.0,No,NHD,Outcome is No Colony; ARI metrics not applicable,,,ND,ND,0,0,0,0,,,ND,ND,ND,ND,ND,ND,ND,ND,0,0,,Oregon,ND,ND,ND,ND,82,OK,
34073,2022 OR2,2022 OR2 P1,Successful,NHD,Not ARI-scorable,0.5,Not evaluated,Simple,,5/18/2022(E),Cattails,60,2022-04-24,2022-06-03,ND,ND,0,0,0,0.0,ND,ND,0,0,0,0.0,,ND,ND,0,0,0,0.0,No,NHD,No valid hatch date,,,ND,ND,0,0,0,0,,,ND,ND,ND,ND,ND,ND,ND,ND,0,0,,Oregon,missed,~2022-05-04,2022-05-30,ND,83,OK,
34071,2022 Paicines Ranch - Teal Pond,2022 Paicines Ranch - Teal Pond P1,Successful,OK,High offspring acoustic activity,0.5,Stable female denominator,Simple,,2022-04-22,"Bulrush, cattails",4000,2022-04-10,2022-08-06,2022-04-13,2022-04-19,7,273,28,0.103,2022-04-27,2022-05-03,7,273,30,0.11,1.068,2022-05-01,2022-05-08,8,312,13,0.042,Yes,2022-05-08,,,ARI=1.068 from nestling_rate=0.11 / female_rate=0.103,2022-02-12,2022-08-06,33,28,63,30,"2022-04-13, 2022-04-14, 2022-04-15, 2022-04-16, 2022-04-17, 2022-04-18, 2022-04-19","2022-04-27, 2022-04-28, 2022-04-29, 2022-04-30, 2022-05-01, 2022-05-02, 2022-05-03",2022-04-11,2022-04-22,2022-04-13,2022-04-19,2022-04-24,2022-05-12,2022-04-27,2022-05-03,248,13,"2022-05-03, 2022-05-04, 2022-05-05, 2022-05-06, 2022-05-08",CNLM,inf,2022-04-10,2022-05-06,2022-05-27,84,OK,
34072,2022 Paicines Ranch - Teal Pond B,2022 Paicines Ranch - Teal Pond B P1,Successful,OK,High offspring acoustic activity,0.5,Moderate female denominator,Simple,,2022-04-25,"Bulrush, cattails",4000,2022-04-11,2022-08-03,2022-04-16,2022-04-22,7,273,10,0.037,2022-04-30,2022-05-06,7,273,15,0.055,1.486,2022-05-04,2022-05-11,8,312,41,0.131,Yes,2022-05-11,,,ARI=1.486 from nestling_rate=0.055 / female_rate=0.037,2022-04-11,2022-08-03,22,10,30,15,"2022-04-16, 2022-04-17, 2022-04-18, 2022-04-21, 2022-04-22","2022-04-30, 2022-05-01, 2022-05-02, 2022-05-03, 2022-05-04, 2022-05-06",2022-04-16,2022-05-07,2022-04-16,2022-04-22,2022-04-28,2022-05-13,2022-04-30,2022-05-06,245,41,"2022-05-07, 2022-05-08, 2022-05-09, 2022-05-10, 2022-05-11",CNLM,inf,2022-04-13,2022-05-09,2022-06-02,85,OK,
52597,2022 Panoche Creek Preserve Loc3,2022 Panoche Creek Preserve Loc3 P1,Successful,OK,High offspring acoustic activity,0.5,Stable female denominator,Simple,,2022-04-20,NEED,4500,2022-03-18,2022-06-23,2022-04-11,2022-04-17,7,273,72,0.264,2022-04-25,2022-05-01,7,273,103,0.377,1.428,2022-04-29,2022-05-06,8,312,9,0.029,Yes,2022-05-06,,,ARI=1.428 from nestling_rate=0.377 / female_rate=0.264,2022-03-18,2022-06-23,156,72,260,103,"2022-04-11, 2022-04-12, 2022-04-13, 2022-04-14, 2022-04-15, 2022-04-16, 2022-04-17","2022-04-25, 2022-04-26, 2022-04-27, 2022-04-28, 2022-04-29, 2022-04-30, 2022-05-01",2022-04-05,2022-04-29,2022-04-11,2022-04-17,2022-04-20,2022-05-18,2022-04-25,2022-05-01,75,9,"2022-05-03, 2022-05-04, 2022-05-05, 2022-05-06",CNLM,inf,2022-04-08,2022-05-03,2022-05-18,86,OK,
52598,2022 Panoche Creek Preserve Loc4,2022 Panoche Creek Preserve Loc4,No Colony,NHD,Not ARI-scorable,0.5,Not evaluated,No Colony,,NHD,Cattails,4500,2022-03-22,2022-04-14,ND,ND,0,0,0,0.0,ND,ND,0,0,0,0.0,,ND,ND,0,0,0,0.0,No,NHD,Outcome is No Colony; ARI metrics not applicable,,,ND,ND,0,0,0,0,,,ND,ND,ND,ND,ND,ND,ND,ND,0,0,,CNLM,ND,ND,ND,ND,87,OK,
34130,2022 Panoche Creek Preserve Loc5,2022 Panoche Creek Preserve Loc5 P1,Successful,OK,High offspring acoustic activity,0.5,Stable female denominator,Simple,,2022-04-20,Cattails,4500,2022-04-14,2022-06-23,2022-04-14,2022-04-17,4,144,62,0.431,2022-04-25,2022-05-01,7,273,115,0.421,0.977,2022-04-29,2022-05-06,8,312,28,0.09,Yes,2022-05-06,,,ARI=0.977 from nestling_rate=0.421 / female_rate=0.431,2022-04-14,2022-06-23,169,62,345,115,"2022-04-14, 2022-04-15, 2022-04-16, 2022-04-17","2022-04-25, 2022-04-26, 2022-04-27, 2022-04-28, 2022-04-29, 2022-04-30, 2022-05-01",2022-04-14,2022-04-29,2022-04-14,2022-04-17,2022-04-22,2022-05-18,2022-04-25,2022-05-01,90,28,"2022-05-01, 2022-05-02, 2022-05-03, 2022-05-04, 2022-05-05, 2022-05-06",CNLM,inf,2022-04-08,2022-05-01,2022-05-16,88,OK,
34012,2022 Plumas Arboga East,2022 Plumas Arboga East P1,Successful,NHD,Not ARI-scorable,0.5,Not evaluated,Complex,"Asynchronous, Sequential",NHD,Himalayan blackberry,9000,2022-05-04,2022-06-28,ND,ND,0,0,0,0.0,ND,ND,0,0,0,0.0,,ND,ND,0,0,0,0.0,No,NHD,Breeding Type does not have ARI score calculated: Complex; No valid hatch date,,,ND,ND,0,0,0,0,,,ND,ND,ND,ND,ND,ND,ND,ND,0,0,,Central Sacramento Valley,inf,inf,2022-05-12,2022-06-01,89,OK,
34012,2022 Plumas Arboga East,2022 Plumas Arboga East P2,Successful,ND_INVALID_BREEDING_TYPE,Not ARI-scorable,0.5,Stable female denominator,Complex,"Asynchronous, Sequential",2022-05-22,Himalayan blackberry,9000,2022-05-04,2022-06-28,2022-05-13,2022-05-19,7,546,61,0.112,2022-05-27,2022-06-02,7,546,403,0.738,,2022-05-31,2022-06-07,8,624,21,0.034,Yes,2022-06-07,Breeding Type does not have ARI score calculated: Complex,,"Invalid breeding type; call dates/counts/rates calculated, but numeric ARI not calculated",2022-05-04,2022-06-28,637,61,1307,403,"2022-05-13, 2022-05-14, 2022-05-15, 2022-05-16, 2022-05-17, 2022-05-18, 2022-05-19","2022-05-27, 2022-05-28, 2022-05-29, 2022-05-30, 2022-05-31, 2022-06-01, 2022-06-02",2022-05-07,2022-06-13,2022-05-13,2022-05-19,2022-05-04,2022-06-25,2022-05-27,2022-06-02,1387,21,"2022-05-31, 2022-06-02, 2022-06-06, 2022-06-07",Central Sacramento Valley,ND,2022-05-10,2022-06-04,ND,89,OK,
34013,2022 Plumas Arboga West,2022 Plumas Arboga West P1,Successful,OK,High offspring acoustic activity,0.5,Stable female denominator,Simple,,2022-05-24,Himalayan blackberry,9000,2022-05-11,2022-06-28,2022-05-15,2022-05-21,7,546,482,0.883,2022-05-29,2022-06-04,7,546,445,0.815,0.923,2022-06-02,2022-06-09,8,624,220,0.353,Yes,2022-06-09,,,ARI=0.923 from nestling_rate=0.815 / female_rate=0.883,2022-05-11,2022-06-28,1522,482,1263,445,"2022-05-15, 2022-05-16, 2022-05-17, 2022-05-18, 2022-05-19, 2022-05-20, 2022-05-21","2022-05-29, 2022-05-30, 2022-05-31, 2022-06-01, 2022-06-02, 2022-06-03, 2022-06-04",2022-05-12,2022-06-12,2022-05-15,2022-05-21,2022-05-17,2022-06-18,2022-05-29,2022-06-04,1287,220,"2022-06-02, 2022-06-03, 2022-06-04, 2022-06-05, 2022-06-06, 2022-06-07, 2022-06-08, 2022-06-09",Central Sacramento Valley,inf,2022-05-12,2022-06-08,2022-06-29,90,OK,
34131,2022 Private Site 1 - not real lat lon,2022 Private Site 1 - not real lat lon P1,Successful,ND_INVALID_BREEDING_TYPE,Not ARI-scorable,0.5,Stable female denominator,Asynchronous,,~2022-04-28,Triticale,35000,2022-04-19,2022-06-03,2022-04-19,2022-04-25,7,258,26,0.101,2022-05-03,2022-05-09,7,273,127,0.465,,2022-05-07,2022-05-14,8,312,156,0.5,Yes,2022-05-14,Breeding Type does not have ARI score calculated: Asynchronous,,"Invalid breeding type; call dates/counts/rates calculated, but numeric ARI not calculated",2022-04-19,2022-06-03,241,26,553,127,"2022-04-20, 2022-04-21, 2022-04-22, 2022-04-23, 2022-04-24, 2022-04-25","2022-05-03, 2022-05-04, 2022-05-05, 2022-05-06, 2022-05-07, 2022-05-08, 2022-05-09",2022-04-20,2022-05-23,2022-04-20,2022-04-25,2022-05-01,2022-05-30,2022-05-03,2022-05-09,260,156,"2022-05-08, 2022-05-09, 2022-05-10, 2022-05-11, 2022-05-12, 2022-05-13, 2022-05-14",Dairies,inf,2022-04-18,2022-05-08,2022-05-28,91,OK,
34133,2022 Private Site 2 - not real lat lon,2022 Private Site 2 - not real lat lon P1,Successful,NHD,Not ARI-scorable,0.5,Not evaluated,Asynchronous,,NHD,Triticale,15000,2022-04-19,2022-05-02,ND,ND,0,0,0,0.0,ND,ND,0,0,0,0.0,,ND,ND,0,0,0,0.0,No,NHD,Breeding Type does not have ARI score calculated: Asynchronous; No valid hatch date,,,ND,ND,0,0,0,0,,,ND,ND,ND,ND,ND,ND,ND,ND,0,0,,Dairies,inf,inf,2022-04-25,ND,92,OK,
34132,2022 Private Site 3 - not real lat lon,2022 Private Site 3 - not real lat lon P1,Successful,NHD,Not ARI-scorable,0.5,Not evaluated,Asynchronous,,NHD,Milk thistle,ND,2022-04-19,2022-06-03,ND,ND,0,0,0,0.0,ND,ND,0,0,0,0.0,,ND,ND,0,0,0,0.0,No,NHD,Breeding Type does not have ARI score calculated: Asynchronous; No valid hatch date,,,ND,ND,0,0,0,0,,,ND,ND,ND,ND,ND,ND,ND,ND,0,0,,Dairies,inf,inf,2022-05-09,2022-05-26,93,OK,
34045,2022 Rancho Jamul,2022 Rancho Jamul P1,Successful,ND_INVALID_BREEDING_TYPE,Not ARI-scorable,0.5,Low female denominator,Asynchronous,,2022-04-14,NEED,NEED,2022-03-02,2022-07-02,2022-04-05,2022-04-11,7,273,2,0.007,2022-04-19,2022-04-25,7,273,24,0.088,,2022-04-23,2022-04-30,8,312,87,0.279,Yes,2022-04-30,Breeding Type does not have ARI score calculated: Asynchronous,Female denominator is absent or low,"Invalid breeding type; call dates/counts/rates calculated, but numeric ARI not calculated",2022-03-02,2022-06-29,3,2,309,24,"2022-04-06, 2022-04-07","2022-04-19, 2022-04-20, 2022-04-21, 2022-04-22, 2022-04-23, 2022-04-24, 2022-04-25",2022-03-31,2022-04-07,2022-04-06,2022-04-07,2022-04-15,2022-06-29,2022-04-19,2022-04-25,1070,87,"2022-04-27, 2022-04-28, 2022-04-29, 2022-04-30",Rancho Jamul,2022-03-20,2022-04-02,2022-04-27,ND,94,OK,
33985,2022 Sedgwick,2022 Sedgwick P1,Successful,OK,High offspring acoustic activity,0.5,Stable female denominator,Sequential,,2022-04-10,Cattails,200,2022-03-20,2022-07-12,2022-04-01,2022-04-07,7,273,29,0.106,2022-04-15,2022-04-21,7,273,89,0.326,3.075,2022-04-19,2022-04-26,8,312,16,0.051,Yes,2022-04-26,,,ARI=3.075 from nestling_rate=0.326 / female_rate=0.106,2022-03-20,2022-07-12,77,29,848,89,"2022-04-01, 2022-04-02, 2022-04-03, 2022-04-04, 2022-04-05, 2022-04-06, 2022-04-07","2022-04-15, 2022-04-16, 2022-04-17, 2022-04-18, 2022-04-19, 2022-04-20, 2022-04-21",2022-03-24,2022-05-26,2022-04-01,2022-04-07,2022-04-12,2022-06-18,2022-04-15,2022-04-21,264,16,"2022-04-25, 2022-04-26",Sedgwick,inf,2022-03-29,2022-04-26,2022-05-07,95,OK,
33985,2022 Sedgwick,2022 Sedgwick P2,Successful,ND_NO_FEMALE_CALLS,Not ARI-scorable,0.5,No female denominator,Sequential,,2022-05-21,Cattails,200,2022-03-20,2022-07-12,2022-05-12,2022-05-18,7,273,0,0.0,2022-05-26,2022-06-01,7,273,142,0.52,,2022-05-30,2022-06-06,8,312,16,0.051,Yes,2022-06-06,,"Female denominator is absent or low; ARI not scorable because female denominator is zero, but offspring detections are present",No female detections in female window; female_window=2022-05-12 to 2022-05-18; raw_female_rows=77,2022-03-20,2022-07-12,77,0,848,142,,"2022-05-26, 2022-05-27, 2022-05-28, 2022-05-29, 2022-05-30, 2022-05-31, 2022-06-01",2022-03-24,2022-05-26,ND,ND,2022-04-12,2022-06-18,2022-05-26,2022-06-01,264,16,"2022-06-03, 2022-06-04, 2022-06-05, 2022-06-06",Sedgwick,2022-05-01,2022-05-09,2022-06-03,2022-06-12,95,OK,
34046,2022 SJWA,2022 SJWA P1,Successful,ND_INVALID_BREEDING_TYPE,Not ARI-scorable,0.5,Low female denominator,Asynchronous,,~2022-05-27,Cattails,800,2022-05-10,2022-06-27,2022-05-18,2022-05-24,7,273,2,0.007,2022-06-01,2022-06-07,7,273,30,0.11,,2022-06-05,2022-06-12,8,312,2,0.006,Yes,2022-06-11,Breeding Type does not have ARI score calculated: Asynchronous,Female denominator is absent or low,"Invalid breeding type; call dates/counts/rates calculated, but numeric ARI not calculated",2022-05-10,2022-06-27,3,2,119,30,"2022-05-22, 2022-05-24","2022-06-01, 2022-06-02, 2022-06-03, 2022-06-04, 2022-06-05, 2022-06-06, 2022-06-07",2022-05-10,2022-05-24,2022-05-22,2022-05-24,2022-05-28,2022-06-27,2022-06-01,2022-06-07,16,2,2022-06-11,San Jacinto Wildlife Area,inf,2022-05-17,~2022-06-11,ND,96,OK,
33984,2022 WA Harder Spring,2022 WA Harder Spring P1,Successful,ND_INVALID_BREEDING_TYPE,Not ARI-scorable,0.5,Stable female denominator,Additions,,~2022-05-17,"Bulrush, cattails, common reed",200,2022-03-18,2022-07-13,2022-05-08,2022-05-14,7,273,51,0.187,2022-05-22,2022-05-28,7,273,88,0.322,,2022-05-26,2022-06-02,8,312,24,0.077,Yes,2022-06-02,Breeding Type does not have ARI score calculated: Additions,,"Invalid breeding type; call dates/counts/rates calculated, but numeric ARI not calculated",2022-03-18,2022-07-13,263,51,705,88,"2022-05-08, 2022-05-09, 2022-05-10, 2022-05-11, 2022-05-12, 2022-05-13, 2022-05-14","2022-05-24, 2022-05-25, 2022-05-26, 2022-05-27, 2022-05-28",2022-04-27,2022-06-08,2022-05-08,2022-05-14,2022-05-24,2022-06-22,2022-05-24,2022-05-28,265,24,"2022-05-30, 2022-05-31, 2022-06-01, 2022-06-02",Washington,2022-04-27,~2022-05-05,2022-05-30,2022-06-12,97,OK,
33984,2022 WA Harder Spring,2022 WA Harder Spring P2,Successful,ND_INVALID_BREEDING_TYPE,Not ARI-scorable,0.5,Stable female denominator,Additions,,2022-06-07,"Bulrush, cattails, common reed",200,2022-03-18,2022-07-13,2022-05-29,2022-06-04,7,273,76,0.278,2022-06-12,2022-06-18,7,273,178,0.652,,2022-06-16,2022-06-23,8,312,81,0.26,Yes,2022-06-22,Breeding Type does not have ARI score calculated: Additions,,"Invalid breeding type; call dates/counts/rates calculated, but numeric ARI not calculated",2022-03-18,2022-07-13,263,76,705,178,"2022-05-29, 2022-05-30, 2022-05-31, 2022-06-01, 2022-06-02, 2022-06-03, 2022-06-04","2022-06-12, 2022-06-13, 2022-06-14, 2022-06-15, 2022-06-16, 2022-06-17, 2022-06-18",2022-04-27,2022-06-08,2022-05-29,2022-06-04,2022-05-24,2022-06-22,2022-06-12,2022-06-18,265,81,"2022-06-16, 2022-06-17, 2022-06-18, 2022-06-19, 2022-06-20, 2022-06-21, 2022-06-22",Washington,2022-05-18,2022-05-26,2022-06-15,2022-06-22,97,OK,
33845,2022 WA1,2022 WA1 P1,Successful,NHD,Not ARI-scorable,0.5,Not evaluated,Unknown,,NHD,"Bulrush, cattails, common reed",175,2022-05-27,2022-08-01,ND,ND,0,0,0,0.0,ND,ND,0,0,0,0.0,,ND,ND,0,0,0,0.0,No,NHD,Breeding Type does not have ARI score calculated: Unknown; No valid hatch date,,,ND,ND,0,0,0,0,,,ND,ND,ND,ND,ND,ND,ND,ND,0,0,,Washington,inf,inf,inf,2022-06-01,98,OK,
34088,2022 Wind Wolves Preserve Pleitito Creek,2022 Wind Wolves Preserve Pleitito Creek,No Colony,NHD,Not ARI-scorable,0.5,Not evaluated,No Colony,,NHD,Stinging nettle,No Colony,2022-03-11,2022-05-26,ND,ND,0,0,0,0.0,ND,ND,0,0,0,0.0,,ND,ND,0,0,0,0.0,No,NHD,Outcome is No Colony; ARI metrics not applicable,,,ND,ND,0,0,0,0,,,ND,ND,ND,ND,ND,ND,ND,ND,0,0,,Wind Wolves Preserve,ND,ND,ND,ND,99,OK,
34087,2022 Wind Wolves Preserve Santiago Wetlands,2022 Wind Wolves Preserve Santiago Wetlands P1,Successful,ND_INVALID_BREEDING_TYPE,Not ARI-scorable,0.5,Moderate female denominator,Asynchronous,,~2022-04-21,Stinging nettle,75,2022-02-23,2022-08-17,2022-04-12,2022-04-18,7,273,8,0.029,2022-04-26,2022-05-02,7,273,9,0.033,,2022-04-30,2022-05-07,8,312,114,0.365,Yes,2022-05-07,Breeding Type does not have ARI score calculated: Asynchronous,,"Invalid breeding type; call dates/counts/rates calculated, but numeric ARI not calculated",2022-02-23,2022-08-17,16,8,162,9,"2022-04-13, 2022-04-14, 2022-04-16, 2022-04-18","2022-04-27, 2022-04-28, 2022-04-30, 2022-05-01, 2022-05-02",2022-04-04,2022-04-29,2022-04-13,2022-04-18,2022-04-27,2022-06-02,2022-04-27,2022-05-02,589,114,"2022-05-01, 2022-05-02, 2022-05-03, 2022-05-04, 2022-05-05, 2022-05-06, 2022-05-07",Wind Wolves Preserve,2022-03-07,~2022-04-09,2022-05-03,2022-06-03,100,OK,
48395,2023 Baja Rancho Cinega,2023 Baja Rancho Cinega P1,Successful,NHD,Not ARI-scorable,0.5,Not evaluated,Unknown,,NHD,Cattails,150,2023-04-14,2023-08-22,ND,ND,0,0,0,0.0,ND,ND,0,0,0,0.0,,ND,ND,0,0,0,0.0,No,NHD,Breeding Type does not have ARI score calculated: Unknown; No valid hatch date,,,ND,ND,0,0,0,0,,,ND,ND,ND,ND,ND,ND,ND,ND,0,0,,Baja,inf,missed,~2023-04-28,~2023-07-28,101,OK,
48438,2023 Bridge St Pond,2023 Bridge St Pond P1,No TRBL,NHD,Not ARI-scorable,0.5,Not evaluated,No TRBL,,NHD,"Bulrush, cattails",No Colony,2023-04-18,2023-05-06,ND,ND,0,0,0,0.0,ND,ND,0,0,0,0.0,,ND,ND,0,0,0,0.0,No,NHD,Outcome is No TRBL; ARI metrics not applicable,,,ND,ND,0,0,0,0,,,ND,ND,ND,ND,ND,ND,ND,ND,0,0,,San Jacinto Wildlife Area,ND,ND,ND,ND,102,OK,
48455,2023 Colusa NWR T27.1,2023 Colusa NWR T27.1 P1,Partially Abandoned,OK,Reduced offspring acoustic activity,0.5,Stable female denominator,Simple,,2023-07-16,"Bulrush, cattails",2000,2023-06-01,2023-08-01,2023-07-07,2023-07-13,7,273,177,0.648,2023-07-21,2023-07-27,7,273,79,0.289,0.446,2023-07-25,2023-08-01,8,288,22,0.076,Yes,2023-07-30,,,ARI=0.446 from nestling_rate=0.289 / female_rate=0.648,2023-03-07,2023-08-01,417,177,109,79,"2023-07-07, 2023-07-08, 2023-07-09, 2023-07-10, 2023-07-11, 2023-07-12, 2023-07-13","2023-07-21, 2023-07-22, 2023-07-23, 2023-07-24, 2023-07-25",2023-07-01,2023-07-24,2023-07-07,2023-07-13,2023-07-19,2023-07-25,2023-07-21,2023-07-25,245,22,"2023-07-27, 2023-07-28, 2023-07-29, 2023-07-30",Sacramento National Wildlife Refuge Complex,2023-06-26,2023-07-04,2023-07-27,2023-07-30,103,OK,
58629,2023 Colusa NWR T27.2,2023 Colusa NWR T27.2 P1,Successful,OK,High offspring acoustic activity,0.5,Stable female denominator,Simple,,2023-06-20,"Bulrush, cattails",23000,2023-06-01,2023-08-01,2023-06-11,2023-06-17,7,273,62,0.227,2023-06-25,2023-07-01,7,273,113,0.414,1.824,2023-06-29,2023-07-06,8,312,70,0.224,Yes,2023-07-06,,,ARI=1.824 from nestling_rate=0.414 / female_rate=0.227,2023-03-07,2023-08-01,175,62,183,113,"2023-06-11, 2023-06-12, 2023-06-13, 2023-06-14, 2023-06-15, 2023-06-16, 2023-06-17","2023-06-25, 2023-06-26, 2023-06-27, 2023-06-28, 2023-06-29, 2023-06-30, 2023-07-01",2023-06-05,2023-06-25,2023-06-11,2023-06-17,2023-06-20,2023-07-05,2023-06-25,2023-07-01,307,70,"2023-06-29, 2023-06-30, 2023-07-01, 2023-07-02, 2023-07-03, 2023-07-04, 2023-07-05, 2023-07-06",Sacramento National Wildlife Refuge Complex,inf,2023-06-08,2023-06-29,2023-07-20,104,OK,
48473,2023 Conaway Ranch - HQ,2023 Conaway Ranch - HQ P1,Successful,OK,High offspring acoustic activity,0.5,Stable female denominator,Simple,,2023-06-13,Himalayan blackberry,5000,2023-05-24,2023-07-05,2023-06-04,2023-06-10,7,273,181,0.663,2023-06-18,2023-06-24,7,273,203,0.744,1.122,2023-06-22,2023-06-29,8,312,101,0.324,Yes,2023-06-29,,,ARI=1.122 from nestling_rate=0.744 / female_rate=0.663,2023-05-24,2023-07-05,500,181,330,203,"2023-06-04, 2023-06-05, 2023-06-06, 2023-06-07, 2023-06-08, 2023-06-09, 2023-06-10","2023-06-18, 2023-06-19, 2023-06-20, 2023-06-21, 2023-06-22, 2023-06-23, 2023-06-24",2023-05-31,2023-06-23,2023-06-04,2023-06-10,2023-06-15,2023-06-29,2023-06-18,2023-06-24,137,101,"2023-06-22, 2023-06-23, 2023-06-24, 2023-06-25, 2023-06-26, 2023-06-27, 2023-06-28, 2023-06-29",Central Sacramento Valley,2023-05-26,2023-06-01,2023-06-23,2023-06-30,105,OK,
48474,2023 Conaway Ranch NE,2023 Conaway Ranch NE P1,Successful,OK,High offspring acoustic activity,0.5,Stable female denominator,Simple,,2023-06-11,Himalayan blackberry,9000,2023-05-26,2023-07-11,2023-06-02,2023-06-08,7,273,90,0.33,2023-06-16,2023-06-22,7,273,64,0.234,0.709,2023-06-20,2023-06-27,8,312,21,0.067,Yes,2023-06-27,,,ARI=0.709 from nestling_rate=0.234 / female_rate=0.33,2023-05-26,2023-07-11,321,90,100,64,"2023-06-02, 2023-06-03, 2023-06-04, 2023-06-05, 2023-06-06, 2023-06-07, 2023-06-08","2023-06-16, 2023-06-17, 2023-06-18, 2023-06-19, 2023-06-20, 2023-06-21, 2023-06-22",2023-05-27,2023-06-28,2023-06-02,2023-06-08,2023-06-13,2023-07-09,2023-06-16,2023-06-22,35,21,"2023-06-23, 2023-06-24, 2023-06-25, 2023-06-26, 2023-06-27",Central Sacramento Valley,inf,2023-05-30,2023-06-25,2023-06-30,106,OK,
48477,2023 Conaway Ranch North 1,2023 Conaway Ranch North 1 P1,Successful,OK,High offspring acoustic activity,0.5,Stable female denominator,Simple,,2023-06-18,"Himalayan blackberry, cattails",10000,2023-06-08,2023-07-13,2023-06-09,2023-06-15,7,273,194,0.711,2023-06-23,2023-06-29,7,273,251,0.919,1.293,2023-06-27,2023-07-04,8,312,173,0.554,Yes,2023-07-04,,,ARI=1.293 from nestling_rate=0.919 / female_rate=0.711,2023-06-08,2023-07-13,502,194,500,251,"2023-06-09, 2023-06-10, 2023-06-11, 2023-06-12, 2023-06-13, 2023-06-14, 2023-06-15","2023-06-23, 2023-06-24, 2023-06-25, 2023-06-26, 2023-06-27, 2023-06-28, 2023-06-29",2023-06-08,2023-06-27,2023-06-09,2023-06-15,2023-06-21,2023-07-09,2023-06-23,2023-06-29,398,173,"2023-06-27, 2023-06-28, 2023-06-29, 2023-06-30, 2023-07-01, 2023-07-02, 2023-07-03, 2023-07-04",Central Sacramento Valley,ND,2023-06-06,2023-06-27,ND,107,OK,
48476,2023 Conaway Ranch North 2,2023 Conaway Ranch North 2 P1,Successful,OK,High offspring acoustic activity,0.5,Stable female denominator,Simple,,2023-06-28,"Himalayan blackberry, cattails",10000,2023-06-13,2023-07-27,2023-06-19,2023-06-25,7,273,166,0.608,2023-07-03,2023-07-09,7,273,123,0.451,0.742,2023-07-07,2023-07-14,8,312,160,0.513,Yes,2023-07-14,,,ARI=0.742 from nestling_rate=0.451 / female_rate=0.608,2023-06-13,2023-07-27,434,166,285,123,"2023-06-19, 2023-06-20, 2023-06-21, 2023-06-22, 2023-06-23, 2023-06-24, 2023-06-25","2023-07-03, 2023-07-04, 2023-07-05, 2023-07-06, 2023-07-07, 2023-07-08, 2023-07-09",2023-06-16,2023-07-06,2023-06-19,2023-06-25,2023-06-30,2023-07-17,2023-07-03,2023-07-09,483,160,"2023-07-07, 2023-07-08, 2023-07-09, 2023-07-10, 2023-07-11, 2023-07-12, 2023-07-13, 2023-07-14",Central Sacramento Valley,inf,2023-06-16,2023-07-07,2023-07-23,108,OK,
48462,2023 Creed Rd,2023 Creed Rd P1,Abandoned,NHD,Not ARI-scorable,0.5,Not evaluated,Simple,,5/21/2023(E),Himalayan blackberry,1000,2023-03-12,2023-08-07,ND,ND,0,0,0,0.0,ND,ND,0,0,0,0.0,,ND,ND,0,0,0,0.0,No,NHD,No valid hatch date,,,ND,ND,0,0,0,0,,,ND,ND,ND,ND,ND,ND,ND,ND,0,0,,Solano County,2023-04-26,2023-05-09,ND,ND,109,OK,
48454,2023 Delevan NWR T43.1,2023 Delevan NWR T43.1 P1,No TRBL,NHD,Not ARI-scorable,0.5,Not evaluated,No TRBL,,NHD,"Bulrush, cattails, Himalayan blackberry",No Colony,2023-05-16,2023-07-18,ND,ND,0,0,0,0.0,ND,ND,0,0,0,0.0,,ND,ND,0,0,0,0.0,No,NHD,Outcome is No TRBL; ARI metrics not applicable,,,ND,ND,0,0,0,0,,,ND,ND,ND,ND,ND,ND,ND,ND,0,0,,Sacramento National Wildlife Refuge Complex,ND,ND,ND,ND,110,OK,
48877,2023 Delevan NWR T43.2,2023 Delevan NWR T43.2 P1,No TRBL,NHD,Not ARI-scorable,0.5,Not evaluated,No TRBL,,NHD,"Bulrush, cattails, Himalayan blackberry",No Colony,2023-05-16,2023-09-16,ND,ND,0,0,0,0.0,ND,ND,0,0,0,0.0,,ND,ND,0,0,0,0.0,No,NHD,Outcome is No TRBL; ARI metrics not applicable,,,ND,ND,0,0,0,0,,,ND,ND,ND,ND,ND,ND,ND,ND,0,0,,Sacramento National Wildlife Refuge Complex,ND,ND,ND,ND,111,OK,
48472,2023 Delevan T6,2023 Delevan T6 P1,No TRBL,NHD,Not ARI-scorable,0.5,Not evaluated,No TRBL,,NHD,Bulrush,No Colony,2023-05-30,2023-07-25,ND,ND,0,0,0,0.0,ND,ND,0,0,0,0.0,,ND,ND,0,0,0,0.0,No,NHD,Outcome is No TRBL; ARI metrics not applicable,,,ND,ND,0,0,0,0,,,ND,ND,ND,ND,ND,ND,ND,ND,0,0,,Sacramento National Wildlife Refuge Complex,ND,ND,ND,ND,112,OK,
48463,2023 Hale Road,2023 Hale Road P1,Successful,OK,High offspring acoustic activity,0.5,Stable female denominator,Sequential,,2023-06-06,"Himalayan blackberry, cattails",10000,2023-04-18,2023-07-08,2023-05-28,2023-06-03,7,273,270,0.989,2023-06-11,2023-06-17,7,273,224,0.821,0.83,2023-06-15,2023-06-22,8,312,231,0.74,Yes,2023-06-22,,,ARI=0.83 from nestling_rate=0.821 / female_rate=0.989,2023-04-18,2023-07-08,841,270,531,224,"2023-05-28, 2023-05-29, 2023-05-30, 2023-05-31, 2023-06-01, 2023-06-02, 2023-06-03","2023-06-11, 2023-06-12, 2023-06-13, 2023-06-14, 2023-06-15, 2023-06-16, 2023-06-17",2023-05-20,2023-07-08,2023-05-28,2023-06-03,2023-06-08,2023-07-05,2023-06-11,2023-06-17,683,231,"2023-06-15, 2023-06-16, 2023-06-17, 2023-06-18, 2023-06-19, 2023-06-20, 2023-06-21, 2023-06-22",Central Sacramento Valley,2023-05-20,2023-05-25,2023-06-20,2023-07-06,113,OK,
48463,2023 Hale Road,2023 Hale Road P2,Unknown,NHD,Not ARI-scorable,0.5,Not evaluated,Sequential,,NHD,"Himalayan blackberry, cattails",10000,2023-04-18,2023-07-08,ND,ND,0,0,0,0.0,ND,ND,0,0,0,0.0,,ND,ND,0,0,0,0.0,No,NHD,No valid hatch date,,,ND,ND,0,0,0,0,,,ND,ND,ND,ND,ND,ND,ND,ND,0,0,,Central Sacramento Valley,2023-06-26,2023-07-04,ND,ND,113,OK,
48468,2023 Hale Road Site 2,2023 Hale Road Site 2 P1,Successful,OK,High offspring acoustic activity,0.5,Stable female denominator,Simple,,2023-06-06,"Himalayan blackberry, cattails",10000,2023-04-11,2023-07-08,2023-05-28,2023-06-03,7,273,261,0.956,2023-06-11,2023-06-17,7,273,261,0.956,1.0,2023-06-15,2023-06-22,8,312,260,0.833,Yes,2023-06-22,,,ARI=1.0 from nestling_rate=0.956 / female_rate=0.956,2023-04-11,2023-07-08,702,261,533,261,"2023-05-28, 2023-05-29, 2023-05-30, 2023-05-31, 2023-06-01, 2023-06-02, 2023-06-03","2023-06-11, 2023-06-12, 2023-06-13, 2023-06-14, 2023-06-15, 2023-06-16, 2023-06-17",2023-05-21,2023-06-12,2023-05-28,2023-06-03,2023-06-08,2023-06-22,2023-06-11,2023-06-17,697,260,"2023-06-15, 2023-06-16, 2023-06-17, 2023-06-18, 2023-06-19, 2023-06-20, 2023-06-21, 2023-06-22",Central Sacramento Valley,2023-05-20,2023-05-25,2023-06-19,2023-07-05,114,OK,
48457,2023 Iron Point,2023 Iron Point P1,Partially Abandoned,NHD,Not ARI-scorable,0.5,Not evaluated,Simple,,NHD,Himalayan blackberry,600,2023-05-09,2023-08-22,ND,ND,0,0,0,0.0,ND,ND,0,0,0,0.0,,ND,ND,0,0,0,0.0,No,NHD,No valid hatch date,,,ND,ND,0,0,0,0,,,ND,ND,ND,ND,ND,ND,ND,ND,0,0,,Iron Point,inf,inf,ND,ND,115,OK,
48434,2023 Kentucky Lateral,2023 Kentucky Lateral P1,Successful,ND_INVALID_BREEDING_TYPE,Not ARI-scorable,0.5,Stable female denominator,Asynchronous,,2023-04-26,Bull thistle,500,2023-04-15,2023-05-22,2023-04-17,2023-04-23,7,273,122,0.447,2023-05-01,2023-05-07,7,273,70,0.256,,2023-05-05,2023-05-12,8,312,5,0.016,Yes,2023-05-12,Breeding Type does not have ARI score calculated: Asynchronous,,"Invalid breeding type; call dates/counts/rates calculated, but numeric ARI not calculated",2023-04-15,2023-05-22,331,122,192,70,"2023-04-17, 2023-04-18, 2023-04-19, 2023-04-20, 2023-04-21, 2023-04-22, 2023-04-23","2023-05-01, 2023-05-02, 2023-05-03, 2023-05-04, 2023-05-05",2023-04-15,2023-05-15,2023-04-17,2023-04-23,2023-04-27,2023-05-22,2023-05-01,2023-05-05,51,5,2023-05-12,Central Sacramento Valley,inf,2023-04-14,2023-05-12,ND,116,OK,
48467,2023 Kern - Canebreak Ecological Reserve 4,2023 Kern - Canebreak Ecological Reserve 4 P1,No TRBL,NHD,Not ARI-scorable,0.5,Not evaluated,No TRBL,,NHD,Stinging nettle,No Colony,2023-05-25,2023-08-11,ND,ND,0,0,0,0.0,ND,ND,0,0,0,0.0,,ND,ND,0,0,0,0.0,No,NHD,Outcome is No TRBL; ARI metrics not applicable,,,ND,ND,0,0,0,0,,,ND,ND,ND,ND,ND,ND,ND,ND,0,0,,Southern Sierra Research Station,ND,ND,ND,ND,117,OK,
48470,2023 Kern - HQ2,2023 Kern - HQ2 P1,Successful,OK,High offspring acoustic activity,0.5,Stable female denominator,Sequential,,2023-06-08,Sandbar Willow,100,2023-05-03,2023-08-11,2023-05-30,2023-06-05,7,273,77,0.282,2023-06-13,2023-06-19,7,273,173,0.634,2.248,2023-06-17,2023-06-24,8,312,145,0.465,Yes,2023-06-24,,,ARI=2.248 from nestling_rate=0.634 / female_rate=0.282,2023-03-09,2023-08-11,345,77,1003,173,"2023-05-30, 2023-05-31, 2023-06-01, 2023-06-02, 2023-06-03, 2023-06-04, 2023-06-05","2023-06-13, 2023-06-14, 2023-06-15, 2023-06-16, 2023-06-17, 2023-06-18, 2023-06-19",2023-05-24,2023-07-17,2023-05-30,2023-06-05,2023-06-11,2023-08-06,2023-06-13,2023-06-19,785,145,"2023-06-17, 2023-06-19, 2023-06-20, 2023-06-21, 2023-06-22, 2023-06-23, 2023-06-24",Southern Sierra Research Station,2023-05-20,2023-05-27,2023-06-20,2023-07-03,118,OK,
48470,2023 Kern - HQ2,2023 Kern - HQ2 P2,Successful,OK,High offspring acoustic activity,0.5,Low female denominator,Sequential,,2023-07-05,Sandbar Willow,100,2023-05-03,2023-08-11,2023-06-26,2023-07-02,7,272,3,0.011,2023-07-10,2023-07-16,7,273,92,0.337,30.636,2023-07-14,2023-07-21,8,311,13,0.042,Yes,2023-07-21,,Female denominator is absent or low; ARI is very high; inspect female denominator and detection rates,ARI=30.636 from nestling_rate=0.337 / female_rate=0.011,2023-03-09,2023-08-11,345,3,1003,92,"2023-06-29, 2023-07-01, 2023-07-02","2023-07-10, 2023-07-11, 2023-07-12, 2023-07-13, 2023-07-14, 2023-07-15, 2023-07-16",2023-05-24,2023-07-17,2023-06-29,2023-07-02,2023-06-11,2023-08-06,2023-07-10,2023-07-16,785,13,"2023-07-17, 2023-07-19, 2023-07-20, 2023-07-21",Southern Sierra Research Station,2023-06-23,2023-06-23,2023-07-19,2023-08-07,118,OK,
48459,2023 Laguna Fry Confluence - 45 Sump,2023 Laguna Fry Confluence - 45 Sump P1,Successful,OK,High offspring acoustic activity,0.5,Stable female denominator,Simple,,2023-05-11,Himalayan blackberry,5500,2023-04-25,2023-06-18,2023-05-02,2023-05-08,7,273,178,0.652,2023-05-16,2023-05-22,7,273,166,0.608,0.933,2023-05-20,2023-05-27,8,312,139,0.446,Yes,2023-05-27,,,ARI=0.933 from nestling_rate=0.608 / female_rate=0.652,2023-03-07,2023-06-18,500,178,467,166,"2023-05-02, 2023-05-03, 2023-05-04, 2023-05-05, 2023-05-06, 2023-05-07, 2023-05-08","2023-05-16, 2023-05-17, 2023-05-18, 2023-05-19, 2023-05-20, 2023-05-21, 2023-05-22",2023-04-27,2023-05-20,2023-05-02,2023-05-08,2023-05-13,2023-05-31,2023-05-16,2023-05-22,194,139,"2023-05-21, 2023-05-22, 2023-05-23, 2023-05-24, 2023-05-25, 2023-05-26, 2023-05-27",Central Sacramento Valley,inf,2023-04-29,2023-05-21,2023-05-30,119,OK,
48465,2023 Laguna Fry Confluence - Site 1,2023 Laguna Fry Confluence - Site 1 P1,Successful,OK,High offspring acoustic activity,0.5,Stable female denominator,Simple,,2023-05-17,"Himalayan blackberry, cattails, tule",17500,2023-05-09,2023-06-18,2023-05-08,2023-05-14,7,217,161,0.742,2023-05-22,2023-05-28,7,273,121,0.443,0.597,2023-05-26,2023-06-02,8,312,152,0.487,Yes,2023-05-31,,,ARI=0.597 from nestling_rate=0.443 / female_rate=0.742,2023-03-07,2023-06-18,313,161,220,121,"2023-05-09, 2023-05-10, 2023-05-11, 2023-05-12, 2023-05-13, 2023-05-14","2023-05-22, 2023-05-23, 2023-05-24, 2023-05-25, 2023-05-26, 2023-05-27, 2023-05-28",2023-05-09,2023-05-25,2023-05-09,2023-05-14,2023-05-18,2023-05-31,2023-05-22,2023-05-28,176,152,"2023-05-26, 2023-05-27, 2023-05-28, 2023-05-29, 2023-05-30, 2023-05-31",Central Sacramento Valley,inf,2023-05-05,2023-05-26,2023-06-01,120,OK,
48428,2023 Los Vaqueros - Walnut Trail Marsh,2023 Los Vaqueros - Walnut Trail Marsh P1,Abandoned,OK,No detected offspring acoustic evidence,0.5,Stable female denominator,Simple,,2023-04-26,"Bulrush, cattails",500,2023-04-07,2023-07-07,2023-04-17,2023-04-23,7,273,45,0.165,2023-05-01,2023-05-07,7,273,0,0.0,0.0,2023-05-05,2023-05-12,8,312,0,0.0,No,ND,,,ARI=0.0 from nestling_rate=0.0 / female_rate=0.165,2023-03-07,2023-07-07,120,45,0,0,"2023-04-17, 2023-04-18, 2023-04-19, 2023-04-20, 2023-04-21, 2023-04-22, 2023-04-23",,2023-04-08,2023-04-29,2023-04-17,2023-04-23,ND,ND,ND,ND,34,0,,Los Vaqueros,inf,2023-04-14,ND,ND,121,OK,
48444,2023 Los Vaqueros Reservoir,2023 Los Vaqueros Reservoir P1,Successful,ND_INVALID_BREEDING_TYPE,Not ARI-scorable,0.5,Stable female denominator,Complex,"Asynchronous, Sequential",2023-04-28,Himalayan blackberry,2000,2023-03-24,2023-07-31,2023-04-19,2023-04-25,7,272,146,0.537,2023-05-03,2023-05-09,7,273,237,0.868,,2023-05-07,2023-05-14,8,312,132,0.423,Yes,2023-05-14,Breeding Type does not have ARI score calculated: Complex,,"Invalid breeding type; call dates/counts/rates calculated, but numeric ARI not calculated",2023-03-07,2023-07-31,869,146,908,237,"2023-04-19, 2023-04-20, 2023-04-21, 2023-04-22, 2023-04-23, 2023-04-24, 2023-04-25","2023-05-03, 2023-05-04, 2023-05-05, 2023-05-06, 2023-05-07, 2023-05-08, 2023-05-09",2023-04-08,2023-07-01,2023-04-19,2023-04-25,2023-04-29,2023-07-04,2023-05-03,2023-05-09,1458,132,"2023-05-07, 2023-05-08, 2023-05-09, 2023-05-10, 2023-05-11, 2023-05-12, 2023-05-13, 2023-05-14",Los Vaqueros,inf,2023-04-16,2023-05-06,2023-06-14,122,OK,
48444,2023 Los Vaqueros Reservoir,2023 Los Vaqueros Reservoir P2,Successful,ND_INVALID_BREEDING_TYPE,Not ARI-scorable,0.5,Moderate female denominator,Complex,"Asynchronous, Sequential",2023-06-15,Himalayan blackberry,2000,2023-03-24,2023-07-31,2023-06-06,2023-06-12,7,273,19,0.07,2023-06-20,2023-06-26,7,273,95,0.348,,2023-06-24,2023-07-01,8,310,130,0.419,Yes,2023-07-01,Breeding Type does not have ARI score calculated: Complex,,"Invalid breeding type; call dates/counts/rates calculated, but numeric ARI not calculated",2023-03-07,2023-07-31,869,19,908,95,"2023-06-07, 2023-06-10, 2023-06-11, 2023-06-12","2023-06-20, 2023-06-21, 2023-06-22, 2023-06-23, 2023-06-24, 2023-06-25, 2023-06-26",2023-04-08,2023-07-01,2023-06-07,2023-06-12,2023-04-29,2023-07-04,2023-06-20,2023-06-26,1458,130,"2023-06-26, 2023-06-27, 2023-06-28, 2023-06-29, 2023-06-30, 2023-07-01",Los Vaqueros,2023-05-31,2023-06-03,2023-06-26,2023-07-17,122,OK,
48436,2023 Markham Ravine,2023 Markham Ravine P1,Partially Abandoned,OK,Reduced offspring acoustic activity,0.5,Stable female denominator,Simple,,2023-05-31,"Himalayan blackberry, willow",3500,2023-05-15,2023-07-17,2023-05-22,2023-05-28,7,273,53,0.194,2023-06-05,2023-06-11,7,273,11,0.04,0.206,2023-06-09,2023-06-16,8,312,11,0.035,Yes,2023-06-16,,,ARI=0.206 from nestling_rate=0.04 / female_rate=0.194,2023-05-15,2023-07-17,179,53,45,11,"2023-05-22, 2023-05-23, 2023-05-24, 2023-05-25, 2023-05-26, 2023-05-27, 2023-05-28","2023-06-05, 2023-06-08, 2023-06-09, 2023-06-10, 2023-06-11",2023-05-16,2023-07-02,2023-05-22,2023-05-28,2023-06-02,2023-07-16,2023-06-05,2023-06-11,239,11,"2023-06-13, 2023-06-14, 2023-06-15, 2023-06-16",Markham Ravine,inf,2023-05-19,2023-06-16,2023-06-30,123,OK,
48446,2023 Merced NWR - Cottonwood,2023 Merced NWR - Cottonwood P1,Successful,NHD,Not ARI-scorable,0.5,Not evaluated,Sequential,,NHD,"Buttonwillow, milk thistle",ND,2023-05-12,2023-06-16,ND,ND,0,0,0,0.0,ND,ND,0,0,0,0.0,,ND,ND,0,0,0,0.0,No,NHD,No valid hatch date,,,ND,ND,0,0,0,0,,,ND,ND,ND,ND,ND,ND,ND,ND,0,0,,Merced and San Luis NWR,inf,inf,inf,2023-05-30,124,OK,
48446,2023 Merced NWR - Cottonwood,2023 Merced NWR - Cottonwood P2,Partially Abandoned,OK,Reduced offspring acoustic activity,0.5,Stable female denominator,Sequential,,~2023-05-27,"Buttonwillow, milk thistle",ND,2023-05-12,2023-06-16,2023-05-18,2023-05-24,7,273,39,0.143,2023-06-01,2023-06-07,7,273,0,0.0,0.0,2023-06-05,2023-06-12,8,312,4,0.013,Yes,2023-06-11,,ARI is zero but fledgling detections are present,ARI=0.0 from nestling_rate=0.0 / female_rate=0.143,2023-03-07,2023-06-16,109,39,0,0,"2023-05-18, 2023-05-19, 2023-05-20, 2023-05-21, 2023-05-22, 2023-05-23, 2023-05-24",,2023-05-12,2023-05-31,2023-05-18,2023-05-24,ND,ND,ND,ND,358,4,"2023-06-05, 2023-06-06, 2023-06-07, 2023-06-11",Merced and San Luis NWR,inf,~2023-05-12,~2023-06-04,ND,124,OK,
48490,2023 Merced NWR Deadman Wetland Ditch,2023 Merced NWR Deadman Wetland Ditch P1,Abandoned,OK,No detected offspring acoustic evidence,0.5,Stable female denominator,Simple,,2023-05-31,"Milk thistle, mustard",200,2023-05-23,2023-06-27,2023-05-22,2023-05-28,7,209,66,0.316,2023-06-05,2023-06-11,7,273,0,0.0,0.0,2023-06-09,2023-06-16,8,312,0,0.0,No,ND,,,ARI=0.0 from nestling_rate=0.0 / female_rate=0.316,2023-03-07,2023-06-27,85,66,6,0,"2023-05-24, 2023-05-25, 2023-05-26, 2023-05-27, 2023-05-28",,2023-05-24,2023-06-04,2023-05-24,2023-05-28,2023-06-02,2023-06-03,ND,ND,0,0,,Merced and San Luis NWR,inf,2023-05-19,ND,ND,125,OK,
48448,2023 North Regional Pond,2023 North Regional Pond P1,Successful,OK,Reduced offspring acoustic activity,0.5,Moderate female denominator,Simple,,~2023-05-03,"Mustard, milk thistle",150,2023-03-31,2023-06-02,2023-04-24,2023-04-30,7,273,7,0.026,2023-05-08,2023-05-14,7,273,3,0.011,0.423,2023-05-12,2023-05-19,8,312,18,0.058,Yes,2023-05-19,,,ARI=0.423 from nestling_rate=0.011 / female_rate=0.026,2023-03-07,2023-06-02,12,7,8,3,"2023-04-25, 2023-04-27, 2023-04-28, 2023-04-29",2023-05-08,2023-04-17,2023-04-29,2023-04-25,2023-04-29,2023-05-04,2023-05-08,2023-05-08,2023-05-08,213,18,"2023-05-15, 2023-05-17, 2023-05-18, 2023-05-19",Central Sacramento Valley,~2023-04-07,2023-04-23,2023-05-15,2023-05-30,126,OK,
48397,2023 OR Dizney Rd,2023 OR Dizney Rd P1,Partially Abandoned,OK,Reduced offspring acoustic activity,0.5,Stable female denominator,Simple,,~2023-05-17,"Cattails, Himalayan blackberry",87,2023-04-29,2023-07-15,2023-05-08,2023-05-14,7,273,39,0.143,2023-05-22,2023-05-28,7,273,13,0.048,0.336,2023-05-26,2023-06-02,8,312,0,0.0,No,ND,,,ARI=0.336 from nestling_rate=0.048 / female_rate=0.143,2023-03-07,2023-07-15,287,39,18,13,"2023-05-09, 2023-05-12, 2023-05-13, 2023-05-14","2023-05-23, 2023-05-24, 2023-05-25, 2023-05-26, 2023-05-27, 2023-05-28",2023-04-30,2023-05-26,2023-05-09,2023-05-14,2023-05-23,2023-05-30,2023-05-23,2023-05-28,9,0,,Oregon,inf,2023-05-07,~2023-06-03,~2023-06-09,127,OK,
48392,2023 OR Eureka Rd,2023 OR Eureka Rd P1,Successful,OK,High offspring acoustic activity,0.5,Stable female denominator,Simple,,~2023-05-17,"Cattails, Himalayan blackberry",100,2023-04-29,2023-07-24,2023-05-08,2023-05-14,7,273,36,0.132,2023-05-22,2023-05-28,7,273,33,0.121,0.917,2023-05-26,2023-06-02,8,312,43,0.138,Yes,2023-06-02,,,ARI=0.917 from nestling_rate=0.121 / female_rate=0.132,2023-03-07,2023-07-24,85,36,96,33,"2023-05-08, 2023-05-09, 2023-05-10, 2023-05-11, 2023-05-12, 2023-05-13, 2023-05-14","2023-05-22, 2023-05-24, 2023-05-25, 2023-05-26, 2023-05-27, 2023-05-28",2023-05-03,2023-05-30,2023-05-08,2023-05-14,2023-05-19,2023-07-17,2023-05-22,2023-05-28,202,43,"2023-05-28, 2023-05-29, 2023-05-30, 2023-05-31, 2023-06-01, 2023-06-02",Oregon,missed,~2023-05-03,2023-05-29,2023-06-21,128,OK,
48445,2023 OR Prineville North,2023 OR Prineville North P1,Successful,OK,High offspring acoustic activity,0.5,Stable female denominator,Sequential,,2023-05-15,Cattails,62,2023-04-29,2023-07-15,2023-05-06,2023-05-12,7,273,87,0.319,2023-05-20,2023-05-26,7,271,214,0.79,2.476,2023-05-24,2023-05-31,8,310,42,0.135,Yes,2023-05-31,,,ARI=2.476 from nestling_rate=0.79 / female_rate=0.319,2023-03-07,2023-07-15,352,87,582,214,"2023-05-06, 2023-05-07, 2023-05-08, 2023-05-09, 2023-05-10, 2023-05-11, 2023-05-12","2023-05-20, 2023-05-21, 2023-05-22, 2023-05-23, 2023-05-24, 2023-05-25, 2023-05-26",2023-05-02,2023-07-01,2023-05-06,2023-05-12,2023-05-16,2023-07-08,2023-05-20,2023-05-26,205,42,"2023-05-26, 2023-05-27, 2023-05-28, 2023-05-29, 2023-05-30, 2023-05-31",Oregon,inf,2023-05-03,2023-05-27,2023-06-13,129,OK,
48445,2023 OR Prineville North,2023 OR Prineville North P2,Successful,OK,High offspring acoustic activity,0.5,Stable female denominator,Sequential,,~2023-06-19,Cattails,62,2023-04-29,2023-07-15,2023-06-10,2023-06-16,7,271,61,0.225,2023-06-24,2023-06-30,7,273,50,0.183,0.813,2023-06-28,2023-07-05,8,312,1,0.003,Yes,2023-07-01,,,ARI=0.813 from nestling_rate=0.183 / female_rate=0.225,2023-03-07,2023-07-15,352,61,582,50,"2023-06-10, 2023-06-11, 2023-06-12, 2023-06-13, 2023-06-14, 2023-06-15, 2023-06-16","2023-06-24, 2023-06-25, 2023-06-26, 2023-06-27, 2023-06-29, 2023-06-30",2023-05-02,2023-07-01,2023-06-10,2023-06-16,2023-05-16,2023-07-08,2023-06-24,2023-06-30,205,1,2023-07-01,Oregon,2023-06-04,2023-06-09,2023-07-06,2023-07-12,129,OK,
48796,2023 Panoche Creek Preserve - Corrals NW,2023 Panoche Creek Preserve - Corrals NW P1,Successful,NHD,Not ARI-scorable,0.5,Not evaluated,Simple,,NHD,"Fiddleneck, cheeseweed, London rocket, and Chilean chess",450,2023-04-29,2023-06-12,ND,ND,0,0,0,0.0,ND,ND,0,0,0,0.0,,ND,ND,0,0,0,0.0,No,NHD,No valid hatch date,,,ND,ND,0,0,0,0,,,ND,ND,ND,ND,ND,ND,ND,ND,0,0,,CNLM,inf,inf,2023-05-08,2023-05-14,130,OK,
48797,2023 Panoche Creek Preserve - Corrals SE,2023 Panoche Creek Preserve - Corrals SE P1,Successful,NHD,Not ARI-scorable,0.5,Not evaluated,Simple,,NHD,"Fiddleneck, cheeseweed, London rocket, and Chilean chess",450,2023-04-29,2023-06-12,ND,ND,0,0,0,0.0,ND,ND,0,0,0,0.0,,ND,ND,0,0,0,0.0,No,NHD,No valid hatch date,,,ND,ND,0,0,0,0,,,ND,ND,ND,ND,ND,ND,ND,ND,0,0,,CNLM,inf,inf,2023-05-07,2023-05-17,131,OK,
48440,2023 Peterson Ranch Pond - East,2023 Peterson Ranch Pond - East,No Colony,NHD,Not ARI-scorable,0.5,Not evaluated,No Colony,,NHD,Bulrush,No Colony,2023-04-05,2023-07-28,ND,ND,0,0,0,0.0,ND,ND,0,0,0,0.0,,ND,ND,0,0,0,0.0,No,NHD,Outcome is No Colony; ARI metrics not applicable,,,ND,ND,0,0,0,0,,,ND,ND,ND,ND,ND,ND,ND,ND,0,0,,San Bernardino,ND,ND,ND,ND,132,OK,
48461,2023 Peterson Ranch Pond - West,2023 Peterson Ranch Pond - West,No Colony,NHD,Not ARI-scorable,0.5,Not evaluated,No Colony,,NHD,Bulrush,No Colony,2023-04-05,2023-07-28,ND,ND,0,0,0,0.0,ND,ND,0,0,0,0.0,,ND,ND,0,0,0,0.0,No,NHD,Outcome is No Colony; ARI metrics not applicable,,,ND,ND,0,0,0,0,,,ND,ND,ND,ND,ND,ND,ND,ND,0,0,,San Bernardino,ND,ND,ND,ND,133,OK,
48475,2023 Plumas Arboga 2,2023 Plumas Arboga 2 P1,Successful,OK,High offspring acoustic activity,0.5,Stable female denominator,Simple,,2023-06-07,Himalayan blackberry,7000,2023-05-26,2023-07-08,2023-05-29,2023-06-04,7,273,245,0.897,2023-06-12,2023-06-18,7,273,230,0.842,0.939,2023-06-16,2023-06-23,8,312,175,0.561,Yes,2023-06-23,,,ARI=0.939 from nestling_rate=0.842 / female_rate=0.897,2023-05-26,2023-07-08,607,245,444,230,"2023-05-29, 2023-05-30, 2023-05-31, 2023-06-01, 2023-06-02, 2023-06-03, 2023-06-04","2023-06-12, 2023-06-13, 2023-06-14, 2023-06-15, 2023-06-16, 2023-06-17, 2023-06-18",2023-05-27,2023-06-16,2023-05-29,2023-06-04,2023-06-08,2023-06-26,2023-06-12,2023-06-18,381,175,"2023-06-17, 2023-06-18, 2023-06-19, 2023-06-20, 2023-06-21, 2023-06-22, 2023-06-23",Central Sacramento Valley,inf,2023-05-26,2023-06-17,2023-07-01,134,OK,
48437,2023 Plumas Arboga 8 - North Regional Pond,2023 Plumas Arboga 8 - North Regional Pond P1,Partially Abandoned,OK,Reduced offspring acoustic activity,0.5,Stable female denominator,Sequential,,~2023-05-04,Himalayan blackberry,4000,2023-04-21,2023-07-08,2023-04-25,2023-05-01,7,273,154,0.564,2023-05-09,2023-05-15,7,273,60,0.22,0.39,2023-05-13,2023-05-20,8,312,8,0.026,Yes,2023-05-20,,,ARI=0.39 from nestling_rate=0.22 / female_rate=0.564,2023-04-21,2023-07-08,680,154,613,60,"2023-04-25, 2023-04-26, 2023-04-27, 2023-04-28, 2023-04-29, 2023-04-30, 2023-05-01","2023-05-09, 2023-05-10, 2023-05-11, 2023-05-12, 2023-05-13, 2023-05-14, 2023-05-15",2023-04-25,2023-06-21,2023-04-25,2023-05-01,2023-05-08,2023-07-06,2023-05-09,2023-05-15,399,8,"2023-05-15, 2023-05-17, 2023-05-20",Central Sacramento Valley,inf,2023-04-24,2023-05-15,2023-05-24,135,OK,
48437,2023 Plumas Arboga 8 - North Regional Pond,2023 Plumas Arboga 8 - North Regional Pond P2,Successful,OK,High offspring acoustic activity,0.5,Stable female denominator,Sequential,,2023-06-15,Himalayan blackberry,4000,2023-04-21,2023-07-08,2023-06-06,2023-06-12,7,273,160,0.586,2023-06-20,2023-06-26,7,273,242,0.886,1.512,2023-06-24,2023-07-01,8,312,121,0.388,Yes,2023-07-01,,,ARI=1.512 from nestling_rate=0.886 / female_rate=0.586,2023-04-21,2023-07-08,680,160,613,242,"2023-06-06, 2023-06-07, 2023-06-08, 2023-06-09, 2023-06-10, 2023-06-11, 2023-06-12","2023-06-20, 2023-06-21, 2023-06-22, 2023-06-23, 2023-06-24, 2023-06-25, 2023-06-26",2023-04-25,2023-06-21,2023-06-06,2023-06-12,2023-05-08,2023-07-06,2023-06-20,2023-06-26,399,121,"2023-06-24, 2023-06-25, 2023-06-26, 2023-06-27, 2023-06-28, 2023-06-29, 2023-06-30, 2023-07-01",Central Sacramento Valley,2023-05-27,2023-06-03,~2023-06-29,ND,135,OK,
48764,2023 Rancho Jamul North Pond - fix lat lon,2023 Rancho Jamul North Pond - fix lat lon P1,Successful,NHD,Not ARI-scorable,0.5,Not evaluated,Simple,,5/13/2023(E),NEED,NEED,2023-03-27,2023-08-04,ND,ND,0,0,0,0.0,ND,ND,0,0,0,0.0,,ND,ND,0,0,0,0.0,No,NHD,No valid hatch date,,,ND,ND,0,0,0,0,,,ND,ND,ND,ND,ND,ND,ND,ND,0,0,,Rancho Jamul,2023-04-21,2023-05-04,2023-05-26,~2023-06-04,136,OK,
48765,2023 Rancho Jamul Site 1 fix lat lon,2023 Rancho Jamul Site 1 fix lat lon P1,Successful,ND_NO_FEMALE_CALLS,Not ARI-scorable,0.5,No female denominator,Sequential,,~2023-04-23,NEED,NEED,2023-03-27,2023-08-03,2023-04-14,2023-04-20,7,273,0,0.0,2023-04-28,2023-05-04,7,273,4,0.015,,2023-05-02,2023-05-09,8,312,0,0.0,No,ND,,"Female denominator is absent or low; ARI not scorable because female denominator is zero, but offspring detections are present",No female detections in female window; female_window=2023-04-14 to 2023-04-20; raw_female_rows=39,2023-03-07,2023-08-03,39,0,45,4,,"2023-04-28, 2023-04-29, 2023-04-30",2023-04-02,2023-06-20,ND,ND,2023-04-24,2023-07-11,2023-04-28,2023-04-30,31,0,,Rancho Jamul,2023-03-29,2023-04-11,ND,ND,137,OK,
48765,2023 Rancho Jamul Site 1 fix lat lon,2023 Rancho Jamul Site 1 fix lat lon P2,Successful,OK,Reduced offspring acoustic activity,0.5,Moderate female denominator,Sequential,,~2023-06-16,NEED,NEED,2023-03-27,2023-08-03,2023-06-07,2023-06-13,7,273,10,0.037,2023-06-21,2023-06-27,7,273,5,0.018,0.486,2023-06-25,2023-07-02,8,312,3,0.01,Yes,2023-07-02,,,ARI=0.486 from nestling_rate=0.018 / female_rate=0.037,2023-03-07,2023-08-03,39,10,45,5,"2023-06-08, 2023-06-10, 2023-06-11, 2023-06-12, 2023-06-13","2023-06-21, 2023-06-24, 2023-06-27",2023-04-02,2023-06-20,2023-06-08,2023-06-13,2023-04-24,2023-07-11,2023-06-21,2023-06-27,31,3,"2023-06-25, 2023-07-02",Rancho Jamul,2023-05-26,~2023-06-04,ND,ND,137,OK,
48447,2023 San Luis Bear Creek,2023 San Luis Bear Creek P1,Partially Abandoned,OK,High offspring acoustic activity,0.5,Stable female denominator,Simple,,2023-07-05,Willows,550,2023-06-16,2023-07-24,2023-06-26,2023-07-02,7,273,199,0.729,2023-07-10,2023-07-16,7,273,113,0.414,0.568,2023-07-14,2023-07-21,8,312,14,0.045,Yes,2023-07-19,,,ARI=0.568 from nestling_rate=0.414 / female_rate=0.729,2023-06-16,2023-07-24,472,199,156,113,"2023-06-26, 2023-06-27, 2023-06-28, 2023-06-29, 2023-06-30, 2023-07-01, 2023-07-02","2023-07-10, 2023-07-11, 2023-07-12, 2023-07-13, 2023-07-14, 2023-07-15, 2023-07-16",2023-06-19,2023-07-14,2023-06-26,2023-07-02,2023-07-06,2023-07-18,2023-07-10,2023-07-16,42,14,"2023-07-14, 2023-07-15, 2023-07-16, 2023-07-17, 2023-07-19",Merced and San Luis NWR,inf,2023-06-20,2023-07-15,2023-07-18,138,OK,
48464,2023 San Luis NWR - West Bank Creek,2023 San Luis NWR - West Bank Creek P1,Partially Abandoned,OK,Reduced offspring acoustic activity,0.5,Stable female denominator,Simple,,2023-06-14,"Milk thistle, mustard",500,2023-05-26,2023-07-12,2023-06-05,2023-06-11,7,273,54,0.198,2023-06-19,2023-06-25,7,273,16,0.059,0.298,2023-06-23,2023-06-30,8,312,4,0.013,Yes,2023-06-29,,,ARI=0.298 from nestling_rate=0.059 / female_rate=0.198,2023-03-07,2023-07-12,180,54,18,16,"2023-06-05, 2023-06-06, 2023-06-07, 2023-06-08, 2023-06-09, 2023-06-10, 2023-06-11","2023-06-19, 2023-06-21, 2023-06-22, 2023-06-23, 2023-06-24, 2023-06-25",2023-05-28,2023-06-15,2023-06-05,2023-06-11,2023-06-18,2023-06-25,2023-06-19,2023-06-25,14,4,"2023-06-24, 2023-06-29",Merced and San Luis NWR,inf,2023-06-02,ND,ND,139,OK,
48466,2023 Sedgwick,2023 Sedgwick P1,Successful,ND_INVALID_BREEDING_TYPE,Not ARI-scorable,0.5,Stable female denominator,Asynchronous,,~2023-04-15,Cattails,300,2023-03-26,2023-07-29,2023-04-06,2023-04-12,7,273,31,0.114,2023-04-20,2023-04-26,7,273,108,0.396,,2023-04-24,2023-05-01,8,312,14,0.045,Yes,2023-05-01,Breeding Type does not have ARI score calculated: Asynchronous,,"Invalid breeding type; call dates/counts/rates calculated, but numeric ARI not calculated",2023-03-09,2023-07-29,325,31,475,108,"2023-04-06, 2023-04-07, 2023-04-08, 2023-04-09, 2023-04-10, 2023-04-11, 2023-04-12","2023-04-20, 2023-04-21, 2023-04-22, 2023-04-23, 2023-04-24, 2023-04-25, 2023-04-26",2023-03-30,2023-05-04,2023-04-06,2023-04-12,2023-04-16,2023-05-16,2023-04-20,2023-04-26,235,14,"2023-04-26, 2023-04-27, 2023-04-28, 2023-04-29, 2023-04-30, 2023-05-01",Sedgwick,inf,2023-04-04,2023-04-29,2023-05-18,140,OK,
48478,2023 South Virginia Road 3,2023 South Virginia Road 3 P1,No TRBL,NHD,Not ARI-scorable,0.5,Not evaluated,No TRBL,,NHD,"Himalayan blackberry, willows",No Colony,2023-04-11,2023-06-06,ND,ND,0,0,0,0.0,ND,ND,0,0,0,0.0,,ND,ND,0,0,0,0.0,No,NHD,Outcome is No TRBL; ARI metrics not applicable,,,ND,ND,0,0,0,0,,,ND,ND,ND,ND,ND,ND,ND,ND,0,0,,Central Sacramento Valley,ND,ND,ND,ND,141,OK,
48456,2023 Virginia at Ostrom,2023 Virginia at Ostrom,No Colony,NHD,Not ARI-scorable,0.5,Not evaluated,No Colony,,NHD,"Himalayan blackberry, cattails",No Colony,2023-04-18,2023-06-14,ND,ND,0,0,0,0.0,ND,ND,0,0,0,0.0,,ND,ND,0,0,0,0.0,No,NHD,Outcome is No Colony; ARI metrics not applicable,,,ND,ND,0,0,0,0,,,ND,ND,ND,ND,ND,ND,ND,ND,0,0,,Central Sacramento Valley,ND,ND,ND,ND,142,OK,
48398,2023 WA Harder Spring,2023 WA Harder Spring P1,Successful,NHD,Not ARI-scorable,0.5,Not evaluated,Sequential,,NHD,"Bulrush, cattails, common reed",165,2023-04-10,2023-08-09,ND,ND,0,0,0,0.0,ND,ND,0,0,0,0.0,,ND,ND,0,0,0,0.0,No,NHD,No valid hatch date,,,ND,ND,0,0,0,0,,,ND,ND,ND,ND,ND,ND,ND,ND,0,0,,Washington,missed,missed,2023-06-17,~2023-07-08,143,OK,
48398,2023 WA Harder Spring,2023 WA Harder Spring P2,Successful,NHD,Not ARI-scorable,0.5,Not evaluated,Sequential,,NHD,"Bulrush, cattails, common reed",165,2023-04-10,2023-08-09,ND,ND,0,0,0,0.0,ND,ND,0,0,0,0.0,,ND,ND,0,0,0,0.0,No,NHD,No valid hatch date,,,ND,ND,0,0,0,0,,,ND,ND,ND,ND,ND,ND,ND,ND,0,0,,Washington,missed,missed,2023-07-27,2023-07-29,143,OK,
48393,2023 WA McCain Wetlands,2023 WA McCain Wetlands P1,Partially Abandoned,OK,Reduced offspring acoustic activity,0.5,Stable female denominator,Simple,,~2023-05-10,"Cattails, common reed",200,2023-04-10,2023-08-07,2023-05-01,2023-05-07,7,273,81,0.297,2023-05-15,2023-05-21,7,273,30,0.11,0.37,2023-05-19,2023-05-26,8,312,10,0.032,Yes,2023-05-26,,,ARI=0.37 from nestling_rate=0.11 / female_rate=0.297,2023-03-07,2023-08-07,206,81,33,30,"2023-05-01, 2023-05-02, 2023-05-03, 2023-05-04, 2023-05-05, 2023-05-06, 2023-05-07","2023-05-15, 2023-05-16, 2023-05-17, 2023-05-18, 2023-05-19, 2023-05-20",2023-04-24,2023-05-24,2023-05-01,2023-05-07,2023-05-15,2023-05-25,2023-05-15,2023-05-20,21,10,"2023-05-23, 2023-05-24, 2023-05-25, 2023-05-26",Washington,missed,~2023-04-28,~2023-05-24,5/28/2023(C),144,OK,
48747,2023 Weagell Property 1,2023 Weagell Property 1 P1,Successful,ND_INVALID_BREEDING_TYPE,Not ARI-scorable,0.5,Stable female denominator,Complex,"Additions, Sequential",2023-05-03,"Himalayan blackberry, cattails",17500,2023-04-19,2023-06-18,2023-04-24,2023-04-30,7,273,171,0.626,2023-05-08,2023-05-14,7,273,62,0.227,,2023-05-12,2023-05-19,8,312,2,0.006,Yes,2023-05-18,Breeding Type does not have ARI score calculated: Complex,,"Invalid breeding type; call dates/counts/rates calculated, but numeric ARI not calculated",2023-04-19,2023-06-18,565,171,554,62,"2023-04-24, 2023-04-25, 2023-04-26, 2023-04-27, 2023-04-28, 2023-04-29, 2023-04-30","2023-05-09, 2023-05-10, 2023-05-11, 2023-05-12, 2023-05-13, 2023-05-14",2023-04-22,2023-06-14,2023-04-24,2023-04-30,2023-05-05,2023-06-18,2023-05-09,2023-05-14,741,2,"2023-05-14, 2023-05-18",Central Sacramento Valley,inf,ND,~2023-05-14,Continuous,145,OK,
48747,2023 Weagell Property 1,2023 Weagell Property 1 P2,Successful,ND_INVALID_BREEDING_TYPE,Not ARI-scorable,0.5,Stable female denominator,Complex,"Additions, Sequential",2023-05-24,"Himalayan blackberry, cattails",17500,2023-04-19,2023-06-18,2023-05-15,2023-05-21,7,273,38,0.139,2023-05-29,2023-06-04,7,273,113,0.414,,2023-06-02,2023-06-09,8,312,186,0.596,Yes,2023-06-09,Breeding Type does not have ARI score calculated: Complex,,"Invalid breeding type; call dates/counts/rates calculated, but numeric ARI not calculated",2023-04-19,2023-06-18,565,38,554,113,"2023-05-15, 2023-05-16, 2023-05-17","2023-05-29, 2023-05-30, 2023-05-31, 2023-06-01, 2023-06-02, 2023-06-03, 2023-06-04",2023-04-22,2023-06-14,2023-05-15,2023-05-17,2023-05-05,2023-06-18,2023-05-29,2023-06-04,741,186,"2023-06-02, 2023-06-03, 2023-06-04, 2023-06-05, 2023-06-06, 2023-06-07, 2023-06-08, 2023-06-09",Central Sacramento Valley,2023-05-02,2023-05-12,Continuous,ND,145,OK,
48747,2023 Weagell Property 1,2023 Weagell Property 1 P3,Successful,ND_INVALID_BREEDING_TYPE,Not ARI-scorable,0.5,Stable female denominator,Complex,"Additions, Sequential",~2023-06-08,"Himalayan blackberry, cattails",17500,2023-04-19,2023-06-18,2023-05-30,2023-06-05,7,273,21,0.077,2023-06-13,2023-06-18,6,211,37,0.175,,2023-06-17,2023-06-18,2,56,4,0.071,Yes,2023-06-17,Breeding Type does not have ARI score calculated: Complex,,"Invalid breeding type; call dates/counts/rates calculated, but numeric ARI not calculated",2023-04-19,2023-06-18,565,21,554,37,"2023-05-30, 2023-05-31, 2023-06-01, 2023-06-02, 2023-06-03, 2023-06-04, 2023-06-05","2023-06-13, 2023-06-14, 2023-06-15, 2023-06-16, 2023-06-17, 2023-06-18",2023-04-22,2023-06-14,2023-05-30,2023-06-05,2023-05-05,2023-06-18,2023-06-13,2023-06-18,741,4,2023-06-17,Central Sacramento Valley,~2023-05-16,~2023-05-24,ND,ND,145,OK,
48458,2023 Weagell Property 2,2023 Weagell Property 2 P1,Successful,OK,High offspring acoustic activity,0.5,Stable female denominator,Sequential,,~2023-05-17,"Himalayan blackberry, cattails",17500,2023-04-25,2023-06-18,2023-05-08,2023-05-14,7,273,63,0.231,2023-05-22,2023-05-28,7,273,62,0.227,0.983,2023-05-26,2023-06-02,8,312,293,0.939,Yes,2023-06-02,,,ARI=0.983 from nestling_rate=0.227 / female_rate=0.231,2023-04-25,2023-06-18,188,63,196,62,"2023-05-08, 2023-05-09, 2023-05-10, 2023-05-11, 2023-05-12, 2023-05-13, 2023-05-14","2023-05-25, 2023-05-26, 2023-05-27, 2023-05-28",2023-04-27,2023-06-17,2023-05-08,2023-05-14,2023-05-25,2023-06-05,2023-05-25,2023-05-28,483,293,"2023-05-26, 2023-05-27, 2023-05-28, 2023-05-29, 2023-05-30, 2023-05-31, 2023-06-01, 2023-06-02",Central Sacramento Valley,inf,2023-05-07,2023-05-25,2023-06-07,146,OK,
48458,2023 Weagell Property 2,2023 Weagell Property 2 P2,Unknown,NHD,Not ARI-scorable,0.5,Not evaluated,Sequential,,NHD,"Himalayan blackberry, cattails",17500,2023-04-25,2023-06-18,ND,ND,0,0,0,0.0,ND,ND,0,0,0,0.0,,ND,ND,0,0,0,0.0,No,NHD,No valid hatch date,,,ND,ND,0,0,0,0,,,ND,ND,ND,ND,ND,ND,ND,ND,0,0,,Central Sacramento Valley,2023-06-02,2023-06-09,ND,ND,146,OK,
48439,2023 West of Davis,2023 West of Davis P1,Successful,NHD,Not ARI-scorable,0.5,Not evaluated,Sequential,,NHD,Cattails,1000,2023-05-06,2023-06-29,ND,ND,0,0,0,0.0,ND,ND,0,0,0,0.0,,ND,ND,0,0,0,0.0,No,NHD,No valid hatch date,,,ND,ND,0,0,0,0,,,ND,ND,ND,ND,ND,ND,ND,ND,0,0,,San Jacinto Wildlife Area,inf,inf,inf,~2023-05-11,147,OK,
48439,2023 West of Davis,2023 West of Davis P2,Successful,OK,High offspring acoustic activity,0.5,Stable female denominator,Sequential,,~2023-05-20,Cattails,1000,2023-05-06,2023-06-29,2023-05-11,2023-05-17,7,273,53,0.194,2023-05-25,2023-05-31,7,273,71,0.26,1.34,2023-05-29,2023-06-05,8,312,62,0.199,Yes,2023-06-05,,,ARI=1.34 from nestling_rate=0.26 / female_rate=0.194,2023-05-06,2023-06-29,82,53,150,71,"2023-05-11, 2023-05-12, 2023-05-13, 2023-05-14, 2023-05-15, 2023-05-16, 2023-05-17","2023-05-25, 2023-05-26, 2023-05-27, 2023-05-28, 2023-05-29, 2023-05-30, 2023-05-31",2023-05-10,2023-05-26,2023-05-11,2023-05-17,2023-05-23,2023-06-05,2023-05-25,2023-05-31,207,62,"2023-05-30, 2023-05-31, 2023-06-01, 2023-06-02, 2023-06-03, 2023-06-04, 2023-06-05",San Jacinto Wildlife Area,inf,2023-05-10,2023-06-02,2023-06-06,147,OK,
48471,2023 Wind Wolves Preserve site 1,2023 Wind Wolves Preserve site 1 P1,Successful,ND_INVALID_BREEDING_TYPE,Not ARI-scorable,0.5,Moderate female denominator,Asynchronous,,~2023-05-03,Stinging nettle,100,2023-04-07,2023-07-25,2023-04-24,2023-04-30,7,273,11,0.04,2023-05-08,2023-05-14,7,273,0,0.0,,2023-05-12,2023-05-19,8,312,14,0.045,Yes,2023-05-19,Breeding Type does not have ARI score calculated: Asynchronous,,"Invalid breeding type; call dates/counts/rates calculated, but numeric ARI not calculated",2023-03-09,2023-07-25,25,11,0,0,"2023-04-25, 2023-04-26, 2023-04-27, 2023-04-28, 2023-04-29, 2023-04-30",,2023-04-12,2023-05-13,2023-04-25,2023-04-30,ND,ND,ND,ND,60,14,"2023-05-16, 2023-05-17, 2023-05-18, 2023-05-19",Wind Wolves Preserve,missed,~2023-04-20,2023-05-17,2023-06-01,148,OK,
48469,2023 Wind Wolves Preserve Site 2,2023 Wind Wolves Preserve Site 2 P1,Successful,ND_INVALID_BREEDING_TYPE,Not ARI-scorable,0.5,Stable female denominator,Asynchronous,,~2023-04-29,"Cattails, Stinging nettle",300,2023-04-07,2023-07-25,2023-04-20,2023-04-26,7,273,73,0.267,2023-05-04,2023-05-10,7,273,15,0.055,,2023-05-08,2023-05-15,8,312,51,0.163,Yes,2023-05-15,Breeding Type does not have ARI score calculated: Asynchronous,,"Invalid breeding type; call dates/counts/rates calculated, but numeric ARI not calculated",2023-03-07,2023-07-25,108,73,221,15,"2023-04-20, 2023-04-21, 2023-04-22, 2023-04-23, 2023-04-24, 2023-04-25, 2023-04-26","2023-05-04, 2023-05-08, 2023-05-09, 2023-05-10",2023-04-16,2023-06-04,2023-04-20,2023-04-26,2023-05-04,2023-06-12,2023-05-04,2023-05-10,462,51,"2023-05-08, 2023-05-09, 2023-05-10, 2023-05-12, 2023-05-13, 2023-05-14, 2023-05-15",Wind Wolves Preserve,inf,~2023-04-17,2023-05-09,2023-06-12,149,OK,
65444,2024 Baja Lago Mesa Redonda,2024 Baja Lago Mesa Redonda P1,Successful,NHD,Not ARI-scorable,0.5,Not evaluated,Asynchronous,,NHD,Cattails,150,2024-05-02,2024-08-04,ND,ND,0,0,0,0.0,ND,ND,0,0,0,0.0,,ND,ND,0,0,0,0.0,No,NHD,Breeding Type does not have ARI score calculated: Asynchronous; No valid hatch date,,,ND,ND,0,0,0,0,,,ND,ND,ND,ND,ND,ND,ND,ND,0,0,,Baja,inf,inf,inf,Continuous,150,OK,
65444,2024 Baja Lago Mesa Redonda,2024 Baja Lago Mesa Redonda P2,Successful,ND_INVALID_BREEDING_TYPE,Not ARI-scorable,0.5,Moderate female denominator,Asynchronous,,2024-05-22,Cattails,150,2024-05-02,2024-08-04,2024-05-13,2024-05-19,7,273,8,0.029,2024-05-27,2024-06-02,7,273,116,0.425,,2024-05-31,2024-06-07,8,312,273,0.875,Yes,2024-06-07,Breeding Type does not have ARI score calculated: Asynchronous,,"Invalid breeding type; call dates/counts/rates calculated, but numeric ARI not calculated",2024-03-15,2024-08-04,69,8,553,116,"2024-05-13, 2024-05-14, 2024-05-15, 2024-05-16","2024-05-27, 2024-05-28, 2024-05-29, 2024-05-30, 2024-05-31, 2024-06-01, 2024-06-02",2024-05-02,2024-05-30,2024-05-13,2024-05-16,2024-05-02,2024-06-26,2024-05-27,2024-06-02,2220,273,"2024-05-31, 2024-06-01, 2024-06-02, 2024-06-03, 2024-06-04, 2024-06-05, 2024-06-06, 2024-06-07",Baja,inf,2024-05-10,Continuous,2024-07-08,150,OK,
65446,2024 Baja Rancho Cinega Redonda 1,2024 Baja Rancho Cinega Redonda 1 P1,Successful,NHD,Not ARI-scorable,0.5,Not evaluated,Complex,"Asynchronous, Sequential",NHD,Cattails,350,2024-04-23,2024-08-19,ND,ND,0,0,0,0.0,ND,ND,0,0,0,0.0,,ND,ND,0,0,0,0.0,No,NHD,Breeding Type does not have ARI score calculated: Complex; No valid hatch date,,,ND,ND,0,0,0,0,,,ND,ND,ND,ND,ND,ND,ND,ND,0,0,,Baja,inf,inf,2024-05-06,Continuous,151,OK,
65446,2024 Baja Rancho Cinega Redonda 1,2024 Baja Rancho Cinega Redonda 1 P2,Successful,ND_INVALID_BREEDING_TYPE,Not ARI-scorable,0.5,Low female denominator,Complex,"Asynchronous, Sequential",~2024-05-23,Cattails,350,2024-04-23,2024-08-19,2024-05-14,2024-05-20,7,273,2,0.007,2024-05-28,2024-06-03,7,273,63,0.231,,2024-06-01,2024-06-08,8,312,186,0.596,Yes,2024-06-08,Breeding Type does not have ARI score calculated: Complex,Female denominator is absent or low,"Invalid breeding type; call dates/counts/rates calculated, but numeric ARI not calculated",2024-03-15,2024-08-19,28,2,337,63,2024-05-14,"2024-05-28, 2024-05-29, 2024-05-30, 2024-05-31, 2024-06-01, 2024-06-02, 2024-06-03",2024-04-23,2024-05-14,2024-05-14,2024-05-14,2024-04-24,2024-06-28,2024-05-28,2024-06-03,1197,186,"2024-06-01, 2024-06-02, 2024-06-03, 2024-06-04, 2024-06-05, 2024-06-06, 2024-06-07, 2024-06-08",Baja,inf,2024-05-13,Continuous,2024-06-22,151,OK,
65447,2024 Baja Rancho Cinega Redonda 2,2024 Baja Rancho Cinega Redonda 2 P1,Successful,OK,High offspring acoustic activity,0.5,Stable female denominator,Sequential,,2024-04-29,Cattails,100,2024-04-23,2024-08-01,2024-04-20,2024-04-26,7,147,69,0.469,2024-05-04,2024-05-10,7,273,209,0.766,1.633,2024-05-08,2024-05-15,8,312,169,0.542,Yes,2024-05-15,,,ARI=1.633 from nestling_rate=0.766 / female_rate=0.469,2024-03-15,2024-08-01,329,69,843,209,"2024-04-23, 2024-04-24, 2024-04-25, 2024-04-26","2024-05-04, 2024-05-05, 2024-05-06, 2024-05-07, 2024-05-08, 2024-05-09, 2024-05-10",2024-04-23,2024-07-07,2024-04-23,2024-04-26,2024-04-29,2024-07-19,2024-05-04,2024-05-10,623,169,"2024-05-08, 2024-05-10, 2024-05-11, 2024-05-12, 2024-05-13, 2024-05-14, 2024-05-15",Baja,inf,2024-04-17,2024-05-10,2024-06-04,152,OK,
65447,2024 Baja Rancho Cinega Redonda 2,2024 Baja Rancho Cinega Redonda 2 P2,Successful,OK,High offspring acoustic activity,0.5,Stable female denominator,Sequential,,2024-06-04,Cattails,100,2024-04-23,2024-08-01,2024-05-26,2024-06-01,7,273,69,0.253,2024-06-09,2024-06-15,7,273,208,0.762,3.012,2024-06-13,2024-06-20,8,312,38,0.122,Yes,2024-06-20,,,ARI=3.012 from nestling_rate=0.762 / female_rate=0.253,2024-03-15,2024-08-01,329,69,843,208,"2024-05-26, 2024-05-27, 2024-05-28, 2024-05-29, 2024-05-30, 2024-05-31, 2024-06-01","2024-06-09, 2024-06-10, 2024-06-11, 2024-06-12, 2024-06-13, 2024-06-14, 2024-06-15",2024-04-23,2024-07-07,2024-05-26,2024-06-01,2024-04-29,2024-07-19,2024-06-09,2024-06-15,623,38,"2024-06-13, 2024-06-14, 2024-06-15, 2024-06-16, 2024-06-17, 2024-06-18, 2024-06-19, 2024-06-20",Baja,2024-05-12,2024-05-23,2024-06-12,2024-06-30,152,OK,
65453,2024 Colusa NWR T27.1,2024 Colusa NWR T27.1 P1,Partially Abandoned,OK,Reduced offspring acoustic activity,0.5,Stable female denominator,Simple,,2024-06-13,"Bulrush, cattails",17500,2024-04-24,2024-09-03,2024-06-04,2024-06-10,7,273,130,0.476,2024-06-18,2024-06-24,7,273,6,0.022,0.046,2024-06-22,2024-06-29,8,312,1,0.003,Yes,2024-06-27,,,ARI=0.046 from nestling_rate=0.022 / female_rate=0.476,2024-03-15,2024-09-03,261,130,28,6,"2024-06-04, 2024-06-05, 2024-06-06, 2024-06-07, 2024-06-08, 2024-06-09, 2024-06-10","2024-06-18, 2024-06-20, 2024-06-21",2024-05-30,2024-06-12,2024-06-04,2024-06-10,2024-06-14,2024-06-28,2024-06-18,2024-06-21,3,1,2024-06-27,Sacramento National Wildlife Refuge Complex,2024-05-25,2024-06-01,ND,ND,153,OK,
65454,2024 Colusa NWR T27.2,2024 Colusa NWR T27.2,No Colony,NHD,Not ARI-scorable,0.5,Not evaluated,No Colony,,NHD,"Bulrush, cattails",No Colony,2024-04-24,2024-08-04,ND,ND,0,0,0,0.0,ND,ND,0,0,0,0.0,,ND,ND,0,0,0,0.0,No,NHD,Outcome is No Colony; ARI metrics not applicable,,,ND,ND,0,0,0,0,,,ND,ND,ND,ND,ND,ND,ND,ND,0,0,,Sacramento National Wildlife Refuge Complex,ND,ND,ND,ND,154,OK,
63115,2024 Dublin Ranch Preserve - Lin Livermore Conservation Area,2024 Dublin Ranch Preserve - Lin Livermore Conservation Area P1,Successful,OK,High offspring acoustic activity,0.5,Low female denominator,Simple,,2024-05-31,"Bulrush, cattails, Mustard",400,2024-05-21,2024-08-15,2024-05-22,2024-05-28,7,273,3,0.011,2024-06-05,2024-06-11,7,273,14,0.051,4.636,2024-06-09,2024-06-16,8,312,28,0.09,Yes,2024-06-16,,Female denominator is absent or low,ARI=4.636 from nestling_rate=0.051 / female_rate=0.011,2024-05-21,2024-08-15,12,3,36,14,"2024-05-22, 2024-05-23","2024-06-05, 2024-06-06, 2024-06-07, 2024-06-08, 2024-06-09, 2024-06-10, 2024-06-11",2024-05-21,2024-05-23,2024-05-22,2024-05-23,2024-05-25,2024-06-21,2024-06-05,2024-06-11,175,28,"2024-06-09, 2024-06-10, 2024-06-11, 2024-06-12, 2024-06-13, 2024-06-14, 2024-06-15, 2024-06-16",CNLM,inf,2024-05-19,2024-06-09,2024-06-24,155,OK,
65456,2024 Kern 1 - check lat lon,2024 Kern 1 - check lat lon,No Colony,NHD,Not ARI-scorable,0.5,Not evaluated,No Colony,,NHD,NEED,NEED,2024-04-08,2024-08-12,ND,ND,0,0,0,0.0,ND,ND,0,0,0,0.0,,ND,ND,0,0,0,0.0,No,NHD,Outcome is No Colony; ARI metrics not applicable,,,ND,ND,0,0,0,0,,,ND,ND,ND,ND,ND,ND,ND,ND,0,0,,Southern Sierra Research Station,ND,ND,ND,ND,156,OK,
63044,2024 Los Vaqueros Reservoir,2024 Los Vaqueros Reservoir P1,Partially Abandoned,OK,Reduced offspring acoustic activity,0.5,Stable female denominator,Sequential,,~2024-05-03,Himalayan blackberry,500,2024-03-15,2024-06-24,2024-04-24,2024-04-30,7,273,25,0.092,2024-05-08,2024-05-14,7,273,0,0.0,0.0,2024-05-12,2024-05-19,8,312,3,0.01,Yes,2024-05-19,,ARI is zero but fledgling detections are present,ARI=0.0 from nestling_rate=0.0 / female_rate=0.092,2024-03-15,2024-06-24,710,25,195,0,"2024-04-24, 2024-04-25, 2024-04-26, 2024-04-27, 2024-04-29",,2024-04-15,2024-06-17,2024-04-24,2024-04-29,2024-06-11,2024-06-21,ND,ND,54,3,2024-05-19,Los Vaqueros,inf,2024-04-23,ND,ND,157,OK,
63044,2024 Los Vaqueros Reservoir,2024 Los Vaqueros Reservoir P2,Successful,OK,High offspring acoustic activity,0.5,Stable female denominator,Sequential,,2024-06-09,Himalayan blackberry,500,2024-03-15,2024-06-24,2024-05-31,2024-06-06,7,273,229,0.839,2024-06-14,2024-06-20,7,264,159,0.602,0.718,2024-06-18,2024-06-24,7,225,30,0.133,Yes,2024-06-23,,,ARI=0.718 from nestling_rate=0.602 / female_rate=0.839,2024-03-15,2024-06-24,710,229,195,159,"2024-05-31, 2024-06-01, 2024-06-02, 2024-06-03, 2024-06-04, 2024-06-05, 2024-06-06","2024-06-14, 2024-06-15, 2024-06-16, 2024-06-17, 2024-06-18, 2024-06-19, 2024-06-20",2024-04-15,2024-06-17,2024-05-31,2024-06-06,2024-06-11,2024-06-21,2024-06-14,2024-06-20,54,30,"2024-06-18, 2024-06-20, 2024-06-21, 2024-06-22, 2024-06-23",Los Vaqueros,2024-05-17,~2024-05-27,2024-06-20,ND,157,OK,
63085,2024 Markham Ravine 1,2024 Markham Ravine 1 P1,No TRBL,NHD,Not ARI-scorable,0.5,Not evaluated,No TRBL,,NHD,"Himalayan blackberry, willow",No Colony,2024-05-07,2024-05-24,ND,ND,0,0,0,0.0,ND,ND,0,0,0,0.0,,ND,ND,0,0,0,0.0,No,NHD,Outcome is No TRBL; ARI metrics not applicable,,,ND,ND,0,0,0,0,,,ND,ND,ND,ND,ND,ND,ND,ND,0,0,,Markham Ravine,ND,ND,ND,ND,158,OK,
63088,2024 Markham Ravine 2,2024 Markham Ravine 2 P1,No TRBL,NHD,Not ARI-scorable,0.5,Not evaluated,No TRBL,,NHD,"Himalayan blackberry, willow",No Colony,2024-05-07,2024-05-24,ND,ND,0,0,0,0.0,ND,ND,0,0,0,0.0,,ND,ND,0,0,0,0.0,No,NHD,Outcome is No TRBL; ARI metrics not applicable,,,ND,ND,0,0,0,0,,,ND,ND,ND,ND,ND,ND,ND,ND,0,0,,Markham Ravine,ND,ND,ND,ND,159,OK,
63113,2024 Markham Ravine 3,2024 Markham Ravine 3 P1,No TRBL,NHD,Not ARI-scorable,0.5,Not evaluated,No TRBL,,NHD,"Himalayan blackberry, willow",No Colony,2024-05-07,2024-05-24,ND,ND,0,0,0,0.0,ND,ND,0,0,0,0.0,,ND,ND,0,0,0,0.0,No,NHD,Outcome is No TRBL; ARI metrics not applicable,,,ND,ND,0,0,0,0,,,ND,ND,ND,ND,ND,ND,ND,ND,0,0,,Markham Ravine,ND,ND,ND,ND,160,OK,
63114,2024 Merced NWR - Cottonwood Trail,2024 Merced NWR - Cottonwood Trail P1,Successful,NHD,Not ARI-scorable,0.5,Not evaluated,Unknown,,NHD,"Milk thistle, mustard",5000,2024-04-25,2024-07-12,ND,ND,0,0,0,0.0,ND,ND,0,0,0,0.0,,ND,ND,0,0,0,0.0,No,NHD,Breeding Type does not have ARI score calculated: Unknown; No valid hatch date,,,ND,ND,0,0,0,0,,,ND,ND,ND,ND,ND,ND,ND,ND,0,0,,Merced and San Luis NWR,inf,inf,2024-05-17,2024-06-07,161,OK,
63087,2024 Moore Lake - confirm lat lon,2024 Moore Lake - confirm lat lon P1,No TRBL,NHD,Not ARI-scorable,0.5,Not evaluated,No TRBL,,NHD,Cattails,No Colony,2024-04-10,2024-07-01,ND,ND,0,0,0,0.0,ND,ND,0,0,0,0.0,,ND,ND,0,0,0,0.0,No,NHD,Outcome is No TRBL; ARI metrics not applicable,,,ND,ND,0,0,0,0,,,ND,ND,ND,ND,ND,ND,ND,ND,0,0,,Monterey,ND,ND,ND,ND,162,OK,
66012,2024 Newberry Springs,2024 Newberry Springs P1,Successful,NHD,Not ARI-scorable,0.5,Not evaluated,Unknown,,NHD,"Cattails, willows",150,2024-05-27,2024-06-02,ND,ND,0,0,0,0.0,ND,ND,0,0,0,0.0,,ND,ND,0,0,0,0.0,No,NHD,Breeding Type does not have ARI score calculated: Unknown; No valid hatch date,,,ND,ND,0,0,0,0,,,ND,ND,ND,ND,ND,ND,ND,ND,0,0,,San Bernardino,inf,inf,inf,ND,163,OK,
77023,2024 North Regional Pond,2024 North Regional Pond,No Colony,NHD,Not ARI-scorable,0.5,Not evaluated,No Colony,,NHD,"Mustard, milk thistle",6000,2024-04-16,2024-06-02,ND,ND,0,0,0,0.0,ND,ND,0,0,0,0.0,,ND,ND,0,0,0,0.0,No,NHD,Outcome is No Colony; ARI metrics not applicable,,,ND,ND,0,0,0,0,,,ND,ND,ND,ND,ND,ND,ND,ND,0,0,,Central Sacramento Valley,ND,ND,ND,ND,164,OK,
63049,2024 Ohlone - Santa Lucia Preserve,2024 Ohlone - Santa Lucia Preserve P1,Successful,ND_INVALID_BREEDING_TYPE,Not ARI-scorable,0.5,Stable female denominator,Complex,"Asynchronous, Sequential, Additions",2024-05-02,Bulrush (Schoenoplectus spp.),250,2024-04-10,2024-07-01,2024-04-23,2024-04-29,7,273,22,0.081,2024-05-07,2024-05-13,7,273,80,0.293,,2024-05-11,2024-05-18,8,312,4,0.013,Yes,2024-05-18,Breeding Type does not have ARI score calculated: Complex,,"Invalid breeding type; call dates/counts/rates calculated, but numeric ARI not calculated",2024-04-10,2024-07-01,98,22,232,80,"2024-04-23, 2024-04-25, 2024-04-26, 2024-04-27, 2024-04-28, 2024-04-29","2024-05-07, 2024-05-08, 2024-05-09, 2024-05-10, 2024-05-11, 2024-05-12, 2024-05-13",2024-04-16,2024-05-31,2024-04-23,2024-04-29,2024-05-03,2024-06-30,2024-05-07,2024-05-13,112,4,2024-05-18,Monterey,inf,2024-04-20,2024-05-18,2024-05-23,165,OK,
63049,2024 Ohlone - Santa Lucia Preserve,2024 Ohlone - Santa Lucia Preserve P2,Successful,ND_INVALID_BREEDING_TYPE,Not ARI-scorable,0.5,Moderate female denominator,Complex,"Asynchronous, Sequential, Additions",2024-05-24,Bulrush (Schoenoplectus spp.),250,2024-04-10,2024-07-01,2024-05-15,2024-05-21,7,273,8,0.029,2024-05-29,2024-06-04,7,273,21,0.077,,2024-06-02,2024-06-09,8,312,7,0.022,Yes,2024-06-08,Breeding Type does not have ARI score calculated: Complex,,"Invalid breeding type; call dates/counts/rates calculated, but numeric ARI not calculated",2024-04-10,2024-07-01,98,8,232,21,"2024-05-15, 2024-05-16, 2024-05-17, 2024-05-20, 2024-05-21","2024-05-29, 2024-05-30, 2024-05-31, 2024-06-01, 2024-06-02",2024-04-16,2024-05-31,2024-05-15,2024-05-21,2024-05-03,2024-06-30,2024-05-29,2024-06-02,112,7,"2024-06-03, 2024-06-05, 2024-06-06, 2024-06-08",Monterey,ND,2024-05-12,ND,2024-06-13,165,OK,
63049,2024 Ohlone - Santa Lucia Preserve,2024 Ohlone - Santa Lucia Preserve P3,Successful,ND_INVALID_BREEDING_TYPE,Not ARI-scorable,0.5,No female denominator,Complex,"Asynchronous, Sequential, Additions",2024-06-17,Bulrush (Schoenoplectus spp.),250,2024-04-10,2024-07-01,2024-06-08,2024-06-14,7,273,0,0.0,2024-06-22,2024-06-28,7,273,7,0.026,,2024-06-26,2024-07-01,6,209,12,0.057,Yes,2024-06-30,Breeding Type does not have ARI score calculated: Complex,Female denominator is absent or low,"Invalid breeding type; call dates/counts/rates calculated, but numeric ARI not calculated",2024-04-10,2024-07-01,98,0,232,7,,"2024-06-22, 2024-06-23, 2024-06-24, 2024-06-25, 2024-06-27, 2024-06-28",2024-04-16,2024-05-31,ND,ND,2024-05-03,2024-06-30,2024-06-22,2024-06-28,112,12,"2024-06-29, 2024-06-30",Monterey,ND,2024-06-05,ND,inf,165,OK,
63086,2024 OR Eureka Lane,2024 OR Eureka Lane P1,No TRBL,NHD,Not ARI-scorable,0.5,Not evaluated,No TRBL,,NHD,"Cattails, Himalayan blackberry",87,2024-05-04,2024-07-14,ND,ND,0,0,0,0.0,ND,ND,0,0,0,0.0,,ND,ND,0,0,0,0.0,No,NHD,Outcome is No TRBL; ARI metrics not applicable,,,ND,ND,0,0,0,0,,,ND,ND,ND,ND,ND,ND,ND,ND,0,0,,Oregon,ND,ND,ND,ND,166,OK,
65471,2024 Panoche Creek Preserve - Dollar Marsh East,2024 Panoche Creek Preserve - Dollar Marsh East P1,Successful,OK,High offspring acoustic activity,0.5,Stable female denominator,Simple,,2024-04-29,"Cattails, bulrush",1250,2024-04-15,2024-08-01,2024-04-20,2024-04-26,7,273,181,0.663,2024-05-04,2024-05-10,7,273,207,0.758,1.143,2024-05-08,2024-05-15,8,312,88,0.282,Yes,2024-05-15,,,ARI=1.143 from nestling_rate=0.758 / female_rate=0.663,2024-03-15,2024-08-01,596,181,592,207,"2024-04-20, 2024-04-21, 2024-04-22, 2024-04-23, 2024-04-24, 2024-04-25, 2024-04-26","2024-05-04, 2024-05-05, 2024-05-06, 2024-05-07, 2024-05-08, 2024-05-09, 2024-05-10",2024-04-16,2024-06-09,2024-04-20,2024-04-26,2024-05-02,2024-06-11,2024-05-04,2024-05-10,722,88,"2024-05-09, 2024-05-10, 2024-05-11, 2024-05-12, 2024-05-13, 2024-05-14, 2024-05-15",CNLM,inf,2024-04-17,2024-05-09,2024-06-11,167,OK,
65471,2024 Panoche Creek Preserve - Dollar Marsh East,2024 Panoche Creek Preserve - Dollar Marsh East P2,Unknown,OK,Reduced offspring acoustic activity,0.5,Moderate female denominator,Simple,,~2024-06-08,"Cattails, bulrush",1250,2024-04-15,2024-08-01,2024-05-30,2024-06-05,7,273,7,0.026,2024-06-13,2024-06-19,7,273,0,0.0,0.0,2024-06-17,2024-06-24,8,312,1,0.003,Yes,2024-06-17,,ARI is zero but fledgling detections are present,ARI=0.0 from nestling_rate=0.0 / female_rate=0.026,2024-03-15,2024-08-01,596,7,592,0,"2024-05-30, 2024-05-31, 2024-06-02, 2024-06-05",,2024-04-16,2024-06-09,2024-05-30,2024-06-05,2024-05-02,2024-06-11,ND,ND,722,1,2024-06-17,CNLM,ND,~2024-05-23,ND,ND,167,OK,
65469,2024 Panoche Creek Preserve - Dollar Marsh South,2024 Panoche Creek Preserve - Dollar Marsh South P1,Successful,OK,High offspring acoustic activity,0.5,Stable female denominator,Simple,,2024-05-01,"Cattails, bulrush",300,2024-04-16,2024-08-01,2024-04-22,2024-04-28,7,273,202,0.74,2024-05-06,2024-05-12,7,273,168,0.615,0.831,2024-05-10,2024-05-17,8,312,0,0.0,No,ND,,,ARI=0.831 from nestling_rate=0.615 / female_rate=0.74,2024-03-15,2024-08-01,565,202,446,168,"2024-04-22, 2024-04-23, 2024-04-24, 2024-04-25, 2024-04-26, 2024-04-27, 2024-04-28","2024-05-06, 2024-05-07, 2024-05-08, 2024-05-09, 2024-05-10, 2024-05-11, 2024-05-12",2024-04-16,2024-05-11,2024-04-22,2024-04-28,2024-05-04,2024-06-01,2024-05-06,2024-05-12,113,0,,CNLM,inf,2024-04-19,2024-05-18,2024-06-03,168,OK,
65470,2024 Panoche Creek Preserve - Dollar Marsh West,2024 Panoche Creek Preserve - Dollar Marsh West P1,Successful,OK,High offspring acoustic activity,0.5,Stable female denominator,Simple,,2024-05-05,"Cattails, bulrush",300,2024-04-15,2024-08-01,2024-04-26,2024-05-02,7,273,187,0.685,2024-05-10,2024-05-16,7,273,198,0.725,1.058,2024-05-14,2024-05-21,8,312,97,0.311,Yes,2024-05-21,,,ARI=1.058 from nestling_rate=0.725 / female_rate=0.685,2024-03-15,2024-08-01,495,187,446,198,"2024-04-26, 2024-04-27, 2024-04-28, 2024-04-29, 2024-04-30, 2024-05-01, 2024-05-02","2024-05-10, 2024-05-11, 2024-05-12, 2024-05-13, 2024-05-14, 2024-05-15, 2024-05-16",2024-04-16,2024-05-17,2024-04-26,2024-05-02,2024-05-06,2024-06-05,2024-05-10,2024-05-16,173,97,"2024-05-14, 2024-05-15, 2024-05-16, 2024-05-17, 2024-05-18, 2024-05-19, 2024-05-20, 2024-05-21",CNLM,inf,2024-04-23,2024-05-14,2024-05-27,169,OK,
63656,2024 Rancho Jamul - Main Pond 1,2024 Rancho Jamul - Main Pond 1 P1,Unknown,NHD,Not ARI-scorable,0.5,Not evaluated,Complex,"Asynchronous, Sequential",4/25/2024(E),NEED,NEED,2024-03-26,2024-08-07,ND,ND,0,0,0,0.0,ND,ND,0,0,0,0.0,,ND,ND,0,0,0,0.0,No,NHD,Breeding Type does not have ARI score calculated: Complex; No valid hatch date,,,ND,ND,0,0,0,0,,,ND,ND,ND,ND,ND,ND,ND,ND,0,0,,Rancho Jamul,inf,2024-04-13,ND,ND,170,OK,
63656,2024 Rancho Jamul - Main Pond 1,2024 Rancho Jamul - Main Pond 1 P2,Successful,NHD,Not ARI-scorable,0.5,Not evaluated,Complex,"Asynchronous, Sequential",5/28/2024(E),NEED,NEED,2024-03-26,2024-08-07,ND,ND,0,0,0,0.0,ND,ND,0,0,0,0.0,,ND,ND,0,0,0,0.0,No,NHD,Breeding Type does not have ARI score calculated: Complex; No valid hatch date,,,ND,ND,0,0,0,0,,,ND,ND,ND,ND,ND,ND,ND,ND,0,0,,Rancho Jamul,2024-05-01,~2024-05-14,2024-06-09,2024-07-23,170,OK,
63657,2024 Rancho Jamul - Main Pond 2,2024 Rancho Jamul - Main Pond 2 P1,Successful,NHD,Not ARI-scorable,0.5,Not evaluated,Complex,"Asynchronous, Sequential",4/25/2024(E),NEED,NEED,2024-03-26,2024-07-06,ND,ND,0,0,0,0.0,ND,ND,0,0,0,0.0,,ND,ND,0,0,0,0.0,No,NHD,Breeding Type does not have ARI score calculated: Complex; No valid hatch date,,,ND,ND,0,0,0,0,,,ND,ND,ND,ND,ND,ND,ND,ND,0,0,,Rancho Jamul,inf,2024-04-13,ND,ND,171,OK,
63657,2024 Rancho Jamul - Main Pond 2,2024 Rancho Jamul - Main Pond 2 P2,Successful,ND_INVALID_BREEDING_TYPE,Not ARI-scorable,0.5,Low female denominator,Complex,"Asynchronous, Sequential",~2024-05-24,NEED,NEED,2024-03-26,2024-07-06,2024-05-15,2024-05-21,7,273,3,0.011,2024-05-29,2024-06-04,7,273,0,0.0,,2024-06-02,2024-06-09,8,312,21,0.067,Yes,2024-06-09,Breeding Type does not have ARI score calculated: Complex,Female denominator is absent or low,"Invalid breeding type; call dates/counts/rates calculated, but numeric ARI not calculated",2024-03-15,2024-07-06,41,3,250,0,"2024-05-16, 2024-05-17",,2024-04-07,2024-06-29,2024-05-16,2024-05-17,2024-05-21,2024-07-06,ND,ND,321,21,"2024-06-04, 2024-06-05, 2024-06-07, 2024-06-08, 2024-06-09",Rancho Jamul,2024-04-27,2024-05-14,2024-06-09,ND,171,OK,
63468,2024 Rancho Jamul - North Pond,2024 Rancho Jamul - North Pond,No Colony,NHD,Not ARI-scorable,0.5,Not evaluated,No Colony,,NHD,NEED,NEED,2024-03-27,2024-06-22,ND,ND,0,0,0,0.0,ND,ND,0,0,0,0.0,,ND,ND,0,0,0,0.0,No,NHD,Outcome is No Colony; ARI metrics not applicable,,,ND,ND,0,0,0,0,,,ND,ND,ND,ND,ND,ND,ND,ND,0,0,,Rancho Jamul,ND,ND,ND,ND,172,OK,
63738,2024 Sedgwick,2024 Sedgwick P1,Successful,ND_INVALID_BREEDING_TYPE,Not ARI-scorable,0.5,Moderate female denominator,Asynchronous,,~2024-04-18,Cattails,300,2024-04-04,2024-08-04,2024-04-09,2024-04-15,7,273,10,0.037,2024-04-23,2024-04-29,7,273,90,0.33,,2024-04-27,2024-05-04,8,312,1,0.003,Yes,2024-05-03,Breeding Type does not have ARI score calculated: Asynchronous,,"Invalid breeding type; call dates/counts/rates calculated, but numeric ARI not calculated",2024-03-15,2024-08-04,30,10,698,90,"2024-04-09, 2024-04-10, 2024-04-11, 2024-04-12, 2024-04-14, 2024-04-15","2024-04-23, 2024-04-24, 2024-04-25, 2024-04-26, 2024-04-27, 2024-04-28, 2024-04-29",2024-04-05,2024-06-08,2024-04-09,2024-04-15,2024-04-20,2024-06-06,2024-04-23,2024-04-29,113,1,2024-05-03,Sedgwick,inf,2024-04-08,~2024-05-03,2024-06-10,173,OK,
63089,2024 SJWA Thistle NW of Bridge Street Pond,2024 SJWA Thistle NW of Bridge Street Pond P1,Successful,NHD,Not ARI-scorable,0.5,Not evaluated,Simple,,NHD,Milk thistle,100,2024-06-05,2024-06-22,ND,ND,0,0,0,0.0,ND,ND,0,0,0,0.0,,ND,ND,0,0,0,0.0,No,NHD,No valid hatch date,,,ND,ND,0,0,0,0,,,ND,ND,ND,ND,ND,ND,ND,ND,0,0,,San Jacinto Wildlife Area,inf,inf,ND,ND,174,OK,
63116,2024 WA Harder Spring,2024 WA Harder Spring P1,Successful,OK,Reduced offspring acoustic activity,0.5,Moderate female denominator,Sequential,,2024-06-07,"Bulrush, cattails, common reed",100,2024-03-25,2024-08-03,2024-05-29,2024-06-04,7,273,7,0.026,2024-06-12,2024-06-18,7,273,0,0.0,0.0,2024-06-16,2024-06-23,8,312,1,0.003,Yes,2024-06-22,,ARI is zero but fledgling detections are present,ARI=0.0 from nestling_rate=0.0 / female_rate=0.026,2024-03-25,2024-08-03,33,7,64,0,"2024-05-30, 2024-06-01, 2024-06-03",,2024-05-08,2024-07-18,2024-05-30,2024-06-03,2024-06-10,2024-08-02,ND,ND,133,1,2024-06-22,Washington,missed,2024-05-26,2024-06-25,2024-07-04,175,OK,
63116,2024 WA Harder Spring,2024 WA Harder Spring P2,Successful,OK,High offspring acoustic activity,0.5,Low female denominator,Sequential,,~2024-07-16,"Bulrush, cattails, common reed",100,2024-03-25,2024-08-03,2024-07-07,2024-07-13,7,273,4,0.015,2024-07-21,2024-07-27,7,273,14,0.051,3.4,2024-07-25,2024-08-01,8,312,62,0.199,Yes,2024-08-01,,Female denominator is absent or low,ARI=3.4 from nestling_rate=0.051 / female_rate=0.015,2024-03-25,2024-08-03,33,4,64,14,"2024-07-09, 2024-07-10, 2024-07-11","2024-07-21, 2024-07-22, 2024-07-23, 2024-07-24, 2024-07-26",2024-05-08,2024-07-18,2024-07-09,2024-07-11,2024-06-10,2024-08-02,2024-07-21,2024-07-26,133,62,"2024-07-27, 2024-07-28, 2024-07-29, 2024-07-30, 2024-07-31, 2024-08-01",Washington,missed,2024-07-06,2024-07-27,ND,175,OK,
63465,2024 WA McCain Pond,2024 WA McCain Pond P1,Partially Abandoned,OK,Reduced offspring acoustic activity,0.5,Moderate female denominator,Simple,,~2024-05-02,"Cattails, common reed",600,2024-03-29,2024-08-09,2024-04-23,2024-04-29,7,273,13,0.048,2024-05-07,2024-05-13,7,273,6,0.022,0.458,2024-05-11,2024-05-18,8,312,3,0.01,Yes,2024-05-18,,,ARI=0.458 from nestling_rate=0.022 / female_rate=0.048,2024-03-29,2024-08-09,98,13,19,6,"2024-04-24, 2024-04-25, 2024-04-26, 2024-04-27","2024-05-10, 2024-05-11, 2024-05-12",2024-04-20,2024-05-23,2024-04-24,2024-04-27,2024-05-10,2024-05-29,2024-05-10,2024-05-12,40,3,"2024-05-15, 2024-05-17, 2024-05-18",Washington,missed,~2024-04-20,~2024-05-15,~2024-06-03,176,OK,
65481,2024 Wind Wolves Preserve - Los Lobos,2024 Wind Wolves Preserve - Los Lobos P1,Successful,NHD,Not ARI-scorable,0.5,Not evaluated,Complex,"Asynchronous, Sequential",NHD,Stinging nettle,100,2024-04-30,2024-09-11,ND,ND,0,0,0,0.0,ND,ND,0,0,0,0.0,,ND,ND,0,0,0,0.0,No,NHD,Breeding Type does not have ARI score calculated: Complex; No valid hatch date,,,ND,ND,0,0,0,0,,,ND,ND,ND,ND,ND,ND,ND,ND,0,0,,Wind Wolves Preserve,inf,inf,2024-05-11,2024-05-14,177,OK,
65481,2024 Wind Wolves Preserve - Los Lobos,2024 Wind Wolves Preserve - Los Lobos P2,Successful,NHD,Not ARI-scorable,0.5,Not evaluated,Complex,"Asynchronous, Sequential",~5/21/2024(E),Stinging nettle,100,2024-04-30,2024-09-11,ND,ND,0,0,0,0.0,ND,ND,0,0,0,0.0,,ND,ND,0,0,0,0.0,No,NHD,Breeding Type does not have ARI score calculated: Complex; No valid hatch date,,,ND,ND,0,0,0,0,,,ND,ND,ND,ND,ND,ND,ND,ND,0,0,,Wind Wolves Preserve,inf,~2024-05-08,2024-06-02,2024-06-14,177,OK,
65482,2024 Wind Wolves Preserve - Pleitito,2024 Wind Wolves Preserve - Pleitito P1,Successful,NHD,Not ARI-scorable,0.5,Not evaluated,Complex,"Asynchronous, Sequential",4/16/2024(E),Stinging nettle,35,2024-04-26,2024-08-11,ND,ND,0,0,0,0.0,ND,ND,0,0,0,0.0,,ND,ND,0,0,0,0.0,No,NHD,Breeding Type does not have ARI score calculated: Complex; No valid hatch date,,,ND,ND,0,0,0,0,,,ND,ND,ND,ND,ND,ND,ND,ND,0,0,,Wind Wolves Preserve,inf,inf,2024-04-28,ND,178,OK,
65482,2024 Wind Wolves Preserve - Pleitito,2024 Wind Wolves Preserve - Pleitito P2,Successful,ND_INVALID_BREEDING_TYPE,Not ARI-scorable,0.5,Moderate female denominator,Complex,"Asynchronous, Sequential",2024-05-25,Stinging nettle,35,2024-04-26,2024-08-11,2024-05-16,2024-05-22,7,273,9,0.033,2024-05-30,2024-06-05,7,273,139,0.509,,2024-06-03,2024-06-10,8,312,53,0.17,Yes,2024-06-10,Breeding Type does not have ARI score calculated: Complex,,"Invalid breeding type; call dates/counts/rates calculated, but numeric ARI not calculated",2024-03-26,2024-08-11,139,9,507,139,"2024-05-20, 2024-05-21, 2024-05-22","2024-05-30, 2024-05-31, 2024-06-01, 2024-06-02, 2024-06-03, 2024-06-04, 2024-06-05",2024-04-26,2024-06-07,2024-05-20,2024-05-22,2024-04-26,2024-06-20,2024-05-30,2024-06-05,886,53,"2024-06-03, 2024-06-04, 2024-06-05, 2024-06-06, 2024-06-07, 2024-06-08, 2024-06-09, 2024-06-10",Wind Wolves Preserve,missed,2024-05-13,2024-06-03,2024-06-17,178,OK,
65483,2024 Wind Wolves Preserve - Santiago,2024 Wind Wolves Preserve - Santiago P1,Successful,NHD,Not ARI-scorable,0.5,Not evaluated,Asynchronous,,NHD,"Cattails, Stinging nettle",275,2024-04-30,2024-08-31,ND,ND,0,0,0,0.0,ND,ND,0,0,0,0.0,,ND,ND,0,0,0,0.0,No,NHD,Breeding Type does not have ARI score calculated: Asynchronous; No valid hatch date,,,ND,ND,0,0,0,0,,,ND,ND,ND,ND,ND,ND,ND,ND,0,0,,Wind Wolves Preserve,inf,inf,2024-05-03,2024-07-02,179,OK,
65480,2024 Wind Wolves Preserve - Tevis,2024 Wind Wolves Preserve - Tevis P1,Successful,ND_NO_FEMALE_CALLS,Not ARI-scorable,0.5,No female denominator,Simple,,2024-05-03,Stinging nettle,7,2024-04-30,2024-09-24,2024-04-24,2024-04-30,7,24,0,0.0,2024-05-08,2024-05-14,7,273,4,0.015,,2024-05-12,2024-05-19,8,312,33,0.106,Yes,2024-05-19,,"Female denominator is absent or low; ARI not scorable because female denominator is zero, but offspring detections are present",No female detections in female window; female_window=2024-04-24 to 2024-04-30; raw_female_rows=0,2024-03-15,2024-09-24,0,0,37,4,,"2024-05-08, 2024-05-09, 2024-05-12, 2024-05-13",ND,ND,ND,ND,2024-05-03,2024-05-13,2024-05-08,2024-05-13,273,33,"2024-05-16, 2024-05-17, 2024-05-18, 2024-05-19",Wind Wolves Preserve,inf,2024-04-21,2024-05-17,2024-06-08,180,OK,
